user_id,tour_id,rating,timestamp
115,19,4,11/25/2024 10:00
14,99,1,11/23/2024 14:30
28,85,5,11/20/2024 9:45
54,85,2,11/21/2024 18:20
70,33,1,11/22/2024 16:10
10,10,2,11/23/2024 16:10
21,23,2,11/24/2024 16:10
100,60,1,11/25/2024 16:10
1,42,3,11/26/2024 16:10
89,12,4,11/27/2024 16:10
58,91,4,11/28/2024 16:10
97,37,4,11/29/2024 16:10
105,24,1,11/30/2024 16:10
44,61,3,12/1/2024 16:10
15,41,5,12/2/2024 16:10
95,43,3,12/3/2024 16:10
66,34,5,12/4/2024 16:10
90,65,2,12/5/2024 16:10
35,61,2,12/6/2024 16:10
107,40,5,12/7/2024 16:10
98,13,4,12/8/2024 16:10
33,75,1,12/9/2024 16:10
43,57,4,12/10/2024 16:10
67,64,4,12/11/2024 16:10
69,59,3,12/12/2024 16:10
25,28,3,12/13/2024 16:10
74,26,5,12/14/2024 16:10
54,61,4,12/15/2024 16:10
19,28,5,12/16/2024 16:10
33,3,2,12/17/2024 16:10
73,83,5,12/18/2024 16:10
66,4,1,12/19/2024 16:10
69,88,5,12/20/2024 16:10
33,93,5,12/21/2024 16:10
115,69,2,12/22/2024 16:10
45,33,1,12/23/2024 16:10
33,60,1,12/24/2024 16:10
66,86,1,12/25/2024 16:10
21,54,5,12/26/2024 16:10
64,28,2,12/27/2024 16:10
27,22,2,12/28/2024 16:10
50,26,3,12/29/2024 16:10
90,97,1,12/30/2024 16:10
98,75,5,12/31/2024 16:10
43,89,5,1/1/2025 16:10
23,93,5,1/2/2025 16:10
25,100,2,1/3/2025 16:10
7,96,5,1/4/2025 16:10
23,45,4,1/5/2025 16:10
93,88,3,1/6/2025 16:10
103,1,4,1/7/2025 16:10
20,77,2,1/8/2025 16:10
66,56,1,1/9/2025 16:10
41,93,1,1/10/2025 16:10
68,30,1,1/11/2025 16:10
89,64,3,1/12/2025 16:10
53,6,4,1/13/2025 16:10
65,74,2,1/14/2025 16:10
13,98,2,1/15/2025 16:10
75,75,3,1/16/2025 16:10
16,28,4,1/17/2025 16:10
44,35,2,1/18/2025 16:10
102,82,4,1/19/2025 16:10
9,68,4,1/20/2025 16:10
42,40,4,1/21/2025 16:10
82,77,4,1/22/2025 16:10
100,38,5,1/23/2025 16:10
67,58,4,1/24/2025 16:10
77,91,5,1/25/2025 16:10
78,93,2,1/26/2025 16:10
63,33,5,1/27/2025 16:10
25,67,3,1/28/2025 16:10
75,66,3,1/29/2025 16:10
96,56,4,1/30/2025 16:10
105,74,5,1/31/2025 16:10
79,42,4,2/1/2025 16:10
78,38,3,2/2/2025 16:10
31,22,5,2/3/2025 16:10
17,53,4,2/4/2025 16:10
68,13,5,2/5/2025 16:10
14,30,3,2/6/2025 16:10
32,65,1,2/7/2025 16:10
46,75,2,2/8/2025 16:10
42,53,4,2/9/2025 16:10
35,99,5,2/10/2025 16:10
81,90,1,2/11/2025 16:10
79,28,4,2/12/2025 16:10
66,10,2,2/13/2025 16:10
34,76,1,2/14/2025 16:10
40,30,1,2/15/2025 16:10
85,56,3,2/16/2025 16:10
101,43,1,2/17/2025 16:10
48,5,1,2/18/2025 16:10
3,23,5,2/19/2025 16:10
13,83,4,2/20/2025 16:10
79,32,3,2/21/2025 16:10
6,5,2,2/22/2025 16:10
6,19,2,2/23/2025 16:10
18,86,2,2/24/2025 16:10
61,61,2,2/25/2025 16:10
107,57,4,2/26/2025 16:10
31,87,1,2/27/2025 16:10
94,69,4,2/28/2025 16:10
76,34,2,3/1/2025 16:10
29,87,4,3/2/2025 16:10
2,4,3,3/3/2025 16:10
104,60,1,3/4/2025 16:10
86,89,1,3/5/2025 16:10
8,87,3,3/6/2025 16:10
56,30,2,3/7/2025 16:10
21,62,1,3/8/2025 16:10
15,41,2,3/9/2025 16:10
14,27,2,3/10/2025 16:10
28,44,4,3/11/2025 16:10
83,70,5,3/12/2025 16:10
50,30,4,3/13/2025 16:10
35,70,1,3/14/2025 16:10
59,90,4,3/15/2025 16:10
73,6,3,3/16/2025 16:10
69,19,2,3/17/2025 16:10
89,54,5,3/18/2025 16:10
75,30,5,3/19/2025 16:10
34,27,1,3/20/2025 16:10
67,24,1,3/21/2025 16:10
12,59,1,3/22/2025 16:10
27,32,3,3/23/2025 16:10
21,90,3,3/24/2025 16:10
65,47,2,3/25/2025 16:10
6,94,2,3/26/2025 16:10
99,10,2,3/27/2025 16:10
91,16,4,3/28/2025 16:10
67,23,2,3/29/2025 16:10
62,96,1,3/30/2025 16:10
36,73,1,3/31/2025 16:10
8,91,4,4/1/2025 16:10
96,39,3,4/2/2025 16:10
41,97,1,4/3/2025 16:10
15,47,2,4/4/2025 16:10
53,1,2,4/5/2025 16:10
27,70,4,4/6/2025 16:10
93,54,5,4/7/2025 16:10
100,99,5,4/8/2025 16:10
38,77,1,4/9/2025 16:10
48,100,5,4/10/2025 16:10
42,61,3,4/11/2025 16:10
39,50,2,4/12/2025 16:10
69,54,4,4/13/2025 16:10
80,100,2,4/14/2025 16:10
100,58,5,4/15/2025 16:10
11,89,4,4/16/2025 16:10
113,18,1,4/17/2025 16:10
75,7,1,4/18/2025 16:10
2,8,4,4/19/2025 16:10
108,53,4,4/20/2025 16:10
77,65,4,4/21/2025 16:10
109,33,2,4/22/2025 16:10
55,45,3,4/23/2025 16:10
97,35,2,4/24/2025 16:10
6,42,3,4/25/2025 16:10
83,81,4,4/26/2025 16:10
110,17,4,4/27/2025 16:10
93,88,1,4/28/2025 16:10
74,85,3,4/29/2025 16:10
24,85,5,4/30/2025 16:10
44,25,3,5/1/2025 16:10
33,63,2,5/2/2025 16:10
109,66,2,5/3/2025 16:10
113,78,2,5/4/2025 16:10
84,28,5,5/5/2025 16:10
108,10,3,5/6/2025 16:10
35,63,5,5/7/2025 16:10
64,52,1,5/8/2025 16:10
64,67,4,5/9/2025 16:10
64,99,4,5/10/2025 16:10
61,17,2,5/11/2025 16:10
44,59,4,5/12/2025 16:10
61,40,1,5/13/2025 16:10
100,72,3,5/14/2025 16:10
85,66,2,5/15/2025 16:10
4,5,5,5/16/2025 16:10
114,38,2,5/17/2025 16:10
100,35,5,5/18/2025 16:10
63,56,2,5/19/2025 16:10
15,33,5,5/20/2025 16:10
84,27,5,5/21/2025 16:10
26,64,4,5/22/2025 16:10
95,36,1,5/23/2025 16:10
48,21,5,5/24/2025 16:10
4,60,3,5/25/2025 16:10
39,34,5,5/26/2025 16:10
36,9,1,5/27/2025 16:10
46,93,4,5/28/2025 16:10
45,17,3,5/29/2025 16:10
81,10,5,5/30/2025 16:10
104,76,4,5/31/2025 16:10
79,70,1,6/1/2025 16:10
43,88,4,6/2/2025 16:10
29,78,5,6/3/2025 16:10
31,44,5,6/4/2025 16:10
113,83,1,6/5/2025 16:10
25,76,4,6/6/2025 16:10
65,88,1,6/7/2025 16:10
59,41,4,6/8/2025 16:10
54,46,1,6/9/2025 16:10
10,76,4,6/10/2025 16:10
96,56,1,6/11/2025 16:10
22,13,2,6/12/2025 16:10
9,24,5,6/13/2025 16:10
75,4,5,6/14/2025 16:10
63,78,4,6/15/2025 16:10
66,89,3,6/16/2025 16:10
29,87,1,6/17/2025 16:10
19,3,4,6/18/2025 16:10
45,2,4,6/19/2025 16:10
69,63,5,6/20/2025 16:10
31,21,2,6/21/2025 16:10
38,83,4,6/22/2025 16:10
18,83,4,6/23/2025 16:10
26,94,5,6/24/2025 16:10
16,22,5,6/25/2025 16:10
93,41,1,6/26/2025 16:10
50,20,5,6/27/2025 16:10
59,53,2,6/28/2025 16:10
59,50,3,6/29/2025 16:10
16,85,5,6/30/2025 16:10
81,31,3,7/1/2025 16:10
3,31,3,7/2/2025 16:10
61,55,2,7/3/2025 16:10
9,20,5,7/4/2025 16:10
79,46,2,7/5/2025 16:10
109,77,1,7/6/2025 16:10
96,92,2,7/7/2025 16:10
33,15,5,7/8/2025 16:10
113,91,3,7/9/2025 16:10
10,42,2,7/10/2025 16:10
86,66,4,7/11/2025 16:10
108,26,2,7/12/2025 16:10
105,8,4,7/13/2025 16:10
48,69,4,7/14/2025 16:10
1,27,4,7/15/2025 16:10
27,85,4,7/16/2025 16:10
79,89,2,7/17/2025 16:10
24,50,5,7/18/2025 16:10
98,27,2,7/19/2025 16:10
5,57,3,7/20/2025 16:10
108,17,5,7/21/2025 16:10
37,37,1,7/22/2025 16:10
38,61,3,7/23/2025 16:10
79,59,2,7/24/2025 16:10
98,47,1,7/25/2025 16:10
25,72,1,7/26/2025 16:10
93,61,1,7/27/2025 16:10
55,83,3,7/28/2025 16:10
45,7,2,7/29/2025 16:10
35,21,5,7/30/2025 16:10
19,39,1,7/31/2025 16:10
32,31,2,8/1/2025 16:10
99,75,2,8/2/2025 16:10
85,89,5,8/3/2025 16:10
6,62,3,8/4/2025 16:10
38,11,5,8/5/2025 16:10
114,16,3,8/6/2025 16:10
109,38,3,8/7/2025 16:10
62,2,5,8/8/2025 16:10
32,82,3,8/9/2025 16:10
99,79,3,8/10/2025 16:10
58,95,1,8/11/2025 16:10
75,70,1,8/12/2025 16:10
60,62,3,8/13/2025 16:10
89,50,1,8/14/2025 16:10
75,97,2,8/15/2025 16:10
93,32,2,8/16/2025 16:10
17,16,4,8/17/2025 16:10
36,38,5,8/18/2025 16:10
106,5,1,8/19/2025 16:10
13,98,2,8/20/2025 16:10
7,51,1,8/21/2025 16:10
75,7,5,8/22/2025 16:10
98,89,4,8/23/2025 16:10
106,87,2,8/24/2025 16:10
9,77,2,8/25/2025 16:10
104,42,4,8/26/2025 16:10
17,68,3,8/27/2025 16:10
6,66,3,8/28/2025 16:10
43,56,1,8/29/2025 16:10
5,9,5,8/30/2025 16:10
61,80,1,8/31/2025 16:10
108,9,5,9/1/2025 16:10
72,95,3,9/2/2025 16:10
7,44,1,9/3/2025 16:10
58,53,1,9/4/2025 16:10
19,34,2,9/5/2025 16:10
114,59,3,9/6/2025 16:10
23,33,1,9/7/2025 16:10
81,29,5,9/8/2025 16:10
68,48,4,9/9/2025 16:10
44,95,1,9/10/2025 16:10
77,7,2,9/11/2025 16:10
77,39,2,9/12/2025 16:10
110,66,5,9/13/2025 16:10
64,95,1,9/14/2025 16:10
75,30,1,9/15/2025 16:10
9,29,1,9/16/2025 16:10
90,97,1,9/17/2025 16:10
111,14,5,9/18/2025 16:10
86,3,4,9/19/2025 16:10
51,28,5,9/20/2025 16:10
8,20,3,9/21/2025 16:10
85,95,5,9/22/2025 16:10
71,38,1,9/23/2025 16:10
29,35,3,9/24/2025 16:10
36,9,3,9/25/2025 16:10
63,93,2,9/26/2025 16:10
108,85,3,9/27/2025 16:10
27,56,2,9/28/2025 16:10
19,84,5,9/29/2025 16:10
12,80,5,9/30/2025 16:10
46,22,1,10/1/2025 16:10
82,74,5,10/2/2025 16:10
92,10,1,10/3/2025 16:10
70,86,2,10/4/2025 16:10
13,49,5,10/5/2025 16:10
96,81,2,10/6/2025 16:10
102,80,3,10/7/2025 16:10
101,56,3,10/8/2025 16:10
65,9,5,10/9/2025 16:10
12,62,3,10/10/2025 16:10
106,45,1,10/11/2025 16:10
14,1,2,10/12/2025 16:10
76,3,1,10/13/2025 16:10
57,98,1,10/14/2025 16:10
68,90,4,10/15/2025 16:10
42,31,4,10/16/2025 16:10
102,95,4,10/17/2025 16:10
46,24,1,10/18/2025 16:10
5,5,2,10/19/2025 16:10
28,27,1,10/20/2025 16:10
76,18,3,10/21/2025 16:10
4,91,5,10/22/2025 16:10
101,86,5,10/23/2025 16:10
107,93,5,10/24/2025 16:10
91,84,5,10/25/2025 16:10
11,74,5,10/26/2025 16:10
84,82,4,10/27/2025 16:10
99,65,4,10/28/2025 16:10
71,100,1,10/29/2025 16:10
82,55,4,10/30/2025 16:10
74,59,4,10/31/2025 16:10
90,85,2,11/1/2025 16:10
72,60,2,11/2/2025 16:10
16,89,3,11/3/2025 16:10
66,39,1,11/4/2025 16:10
1,44,4,11/5/2025 16:10
73,79,2,11/6/2025 16:10
18,1,5,11/7/2025 16:10
98,11,3,11/8/2025 16:10
115,61,4,11/9/2025 16:10
49,68,4,11/10/2025 16:10
111,63,5,11/11/2025 16:10
110,97,4,11/12/2025 16:10
93,54,3,11/13/2025 16:10
33,98,2,11/14/2025 16:10
29,29,3,11/15/2025 16:10
104,86,4,11/16/2025 16:10
86,67,4,11/17/2025 16:10
56,55,3,11/18/2025 16:10
52,6,4,11/19/2025 16:10
6,92,5,11/20/2025 16:10
41,95,3,11/21/2025 16:10
47,69,3,11/22/2025 16:10
114,41,2,11/23/2025 16:10
79,90,1,11/24/2025 16:10
31,42,2,11/25/2025 16:10
55,64,4,11/26/2025 16:10
65,48,2,11/27/2025 16:10
4,20,3,11/28/2025 16:10
113,21,5,11/29/2025 16:10
74,59,4,11/30/2025 16:10
63,61,4,12/1/2025 16:10
99,34,2,12/2/2025 16:10
109,21,2,12/3/2025 16:10
111,7,2,12/4/2025 16:10
105,52,1,12/5/2025 16:10
52,37,5,12/6/2025 16:10
113,6,2,12/7/2025 16:10
114,95,3,12/8/2025 16:10
69,78,4,12/9/2025 16:10
44,98,4,12/10/2025 16:10
42,63,2,12/11/2025 16:10
5,17,2,12/12/2025 16:10
104,25,4,12/13/2025 16:10
92,68,5,12/14/2025 16:10
108,70,3,12/15/2025 16:10
83,57,1,12/16/2025 16:10
43,7,5,12/17/2025 16:10
113,64,3,12/18/2025 16:10
97,90,4,12/19/2025 16:10
92,51,1,12/20/2025 16:10
104,76,4,12/21/2025 16:10
13,33,1,12/22/2025 16:10
69,17,4,12/23/2025 16:10
75,17,2,12/24/2025 16:10
113,64,2,12/25/2025 16:10
95,67,5,12/26/2025 16:10
84,57,1,12/27/2025 16:10
41,36,3,12/28/2025 16:10
3,43,1,12/29/2025 16:10
106,81,2,12/30/2025 16:10
57,57,1,12/31/2025 16:10
70,82,3,1/1/2026 16:10
39,83,1,1/2/2026 16:10
46,55,1,1/3/2026 16:10
104,59,1,1/4/2026 16:10
22,30,5,1/5/2026 16:10
79,85,4,1/6/2026 16:10
75,32,3,1/7/2026 16:10
77,89,4,1/8/2026 16:10
112,27,4,1/9/2026 16:10
85,32,4,1/10/2026 16:10
107,97,4,1/11/2026 16:10
57,64,2,1/12/2026 16:10
112,27,1,1/13/2026 16:10
43,66,2,1/14/2026 16:10
94,82,1,1/15/2026 16:10
108,100,5,1/16/2026 16:10
71,52,4,1/17/2026 16:10
60,62,4,1/18/2026 16:10
3,92,3,1/19/2026 16:10
37,65,3,1/20/2026 16:10
15,78,1,1/21/2026 16:10
61,74,3,1/22/2026 16:10
12,84,5,1/23/2026 16:10
14,69,4,1/24/2026 16:10
53,32,3,1/25/2026 16:10
87,10,5,1/26/2026 16:10
114,91,2,1/27/2026 16:10
43,54,4,1/28/2026 16:10
110,21,2,1/29/2026 16:10
59,41,4,1/30/2026 16:10
97,8,1,1/31/2026 16:10
53,70,4,2/1/2026 16:10
32,89,2,2/2/2026 16:10
4,1,2,2/3/2026 16:10
92,67,1,2/4/2026 16:10
91,55,2,2/5/2026 16:10
53,37,3,2/6/2026 16:10
107,51,3,2/7/2026 16:10
33,16,1,2/8/2026 16:10
76,91,3,2/9/2026 16:10
41,12,5,2/10/2026 16:10
26,32,4,2/11/2026 16:10
99,100,1,2/12/2026 16:10
72,77,5,2/13/2026 16:10
66,51,5,2/14/2026 16:10
84,18,2,2/15/2026 16:10
43,47,5,2/16/2026 16:10
88,35,5,2/17/2026 16:10
12,59,3,2/18/2026 16:10
2,93,4,2/19/2026 16:10
23,8,5,2/20/2026 16:10
3,66,4,2/21/2026 16:10
75,38,4,2/22/2026 16:10
43,98,3,2/23/2026 16:10
71,94,3,2/24/2026 16:10
88,28,5,2/25/2026 16:10
114,24,2,2/26/2026 16:10
1,33,1,2/27/2026 16:10
30,75,1,2/28/2026 16:10
60,26,4,3/1/2026 16:10
79,100,4,3/2/2026 16:10
88,41,2,3/3/2026 16:10
11,15,3,3/4/2026 16:10
13,29,5,3/5/2026 16:10
39,82,4,3/6/2026 16:10
26,6,1,3/7/2026 16:10
41,82,4,3/8/2026 16:10
45,50,5,3/9/2026 16:10
40,44,3,3/10/2026 16:10
2,61,3,3/11/2026 16:10
78,50,5,3/12/2026 16:10
15,9,2,3/13/2026 16:10
21,24,1,3/14/2026 16:10
63,13,4,3/15/2026 16:10
8,73,4,3/16/2026 16:10
80,62,5,3/17/2026 16:10
5,37,3,3/18/2026 16:10
18,58,5,3/19/2026 16:10
41,72,4,3/20/2026 16:10
1,9,4,3/21/2026 16:10
39,10,2,3/22/2026 16:10
52,44,2,3/23/2026 16:10
43,12,5,3/24/2026 16:10
21,85,1,3/25/2026 16:10
64,73,5,3/26/2026 16:10
7,22,4,3/27/2026 16:10
105,83,5,3/28/2026 16:10
77,36,1,3/29/2026 16:10
66,47,3,3/30/2026 16:10
56,97,3,3/31/2026 16:10
29,85,1,4/1/2026 16:10
46,16,1,4/2/2026 16:10
18,2,2,4/3/2026 16:10
78,13,3,4/4/2026 16:10
1,69,1,4/5/2026 16:10
49,86,3,4/6/2026 16:10
87,57,1,4/7/2026 16:10
43,50,2,4/8/2026 16:10
93,59,2,4/9/2026 16:10
8,78,2,4/10/2026 16:10
49,3,4,4/11/2026 16:10
113,48,3,4/12/2026 16:10
84,44,1,4/13/2026 16:10
14,29,4,4/14/2026 16:10
10,53,3,4/15/2026 16:10
94,59,1,4/16/2026 16:10
115,95,5,4/17/2026 16:10
16,70,5,4/18/2026 16:10
42,84,2,4/19/2026 16:10
26,82,1,4/20/2026 16:10
104,17,2,4/21/2026 16:10
81,38,5,4/22/2026 16:10
100,38,4,4/23/2026 16:10
69,59,1,4/24/2026 16:10
21,81,2,4/25/2026 16:10
98,67,5,4/26/2026 16:10
93,2,1,4/27/2026 16:10
26,98,4,4/28/2026 16:10
74,97,1,4/29/2026 16:10
109,20,5,4/30/2026 16:10
14,91,3,5/1/2026 16:10
79,84,2,5/2/2026 16:10
45,12,4,5/3/2026 16:10
29,75,5,5/4/2026 16:10
48,42,1,5/5/2026 16:10
41,77,5,5/6/2026 16:10
103,88,1,5/7/2026 16:10
10,26,3,5/8/2026 16:10
53,100,1,5/9/2026 16:10
85,25,5,5/10/2026 16:10
112,23,2,5/11/2026 16:10
80,30,4,5/12/2026 16:10
59,25,4,5/13/2026 16:10
94,68,3,5/14/2026 16:10
23,11,1,5/15/2026 16:10
45,32,5,5/16/2026 16:10
75,29,2,5/17/2026 16:10
102,55,5,5/18/2026 16:10
65,81,2,5/19/2026 16:10
93,56,2,5/20/2026 16:10
68,32,5,5/21/2026 16:10
60,82,5,5/22/2026 16:10
67,56,1,5/23/2026 16:10
62,57,3,5/24/2026 16:10
56,54,1,5/25/2026 16:10
25,79,1,5/26/2026 16:10
51,6,5,5/27/2026 16:10
63,48,3,5/28/2026 16:10
18,80,1,5/29/2026 16:10
63,49,4,5/30/2026 16:10
31,83,4,5/31/2026 16:10
29,30,1,6/1/2026 16:10
8,26,2,6/2/2026 16:10
97,71,4,6/3/2026 16:10
72,9,3,6/4/2026 16:10
17,14,3,6/5/2026 16:10
38,21,5,6/6/2026 16:10
13,4,3,6/7/2026 16:10
54,29,2,6/8/2026 16:10
80,57,5,6/9/2026 16:10
41,54,4,6/10/2026 16:10
112,95,3,6/11/2026 16:10
93,68,2,6/12/2026 16:10
35,99,3,6/13/2026 16:10
16,69,4,6/14/2026 16:10
51,9,3,6/15/2026 16:10
5,29,5,6/16/2026 16:10
85,19,1,6/17/2026 16:10
34,43,1,6/18/2026 16:10
81,37,4,6/19/2026 16:10
57,61,5,6/20/2026 16:10
60,38,5,6/21/2026 16:10
109,32,1,6/22/2026 16:10
109,65,5,6/23/2026 16:10
76,74,5,6/24/2026 16:10
11,12,2,6/25/2026 16:10
52,32,2,6/26/2026 16:10
4,12,4,6/27/2026 16:10
60,25,2,6/28/2026 16:10
58,82,1,6/29/2026 16:10
83,39,2,6/30/2026 16:10
33,73,4,7/1/2026 16:10
86,23,4,7/2/2026 16:10
106,46,1,7/3/2026 16:10
69,80,2,7/4/2026 16:10
88,77,2,7/5/2026 16:10
96,37,3,7/6/2026 16:10
8,32,3,7/7/2026 16:10
12,25,4,7/8/2026 16:10
45,58,5,7/9/2026 16:10
79,95,1,7/10/2026 16:10
71,45,2,7/11/2026 16:10
81,6,3,7/12/2026 16:10
107,56,4,7/13/2026 16:10
22,15,5,7/14/2026 16:10
53,2,5,7/15/2026 16:10
5,14,1,7/16/2026 16:10
22,68,2,7/17/2026 16:10
29,90,4,7/18/2026 16:10
102,77,3,7/19/2026 16:10
3,68,3,7/20/2026 16:10
103,70,1,7/21/2026 16:10
81,2,2,7/22/2026 16:10
27,82,2,7/23/2026 16:10
14,39,5,7/24/2026 16:10
84,40,5,7/25/2026 16:10
48,9,5,7/26/2026 16:10
53,46,4,7/27/2026 16:10
7,94,1,7/28/2026 16:10
79,5,2,7/29/2026 16:10
25,13,1,7/30/2026 16:10
30,89,2,7/31/2026 16:10
95,75,5,8/1/2026 16:10
91,2,1,8/2/2026 16:10
4,66,5,8/3/2026 16:10
104,69,5,8/4/2026 16:10
51,37,2,8/5/2026 16:10
95,52,4,8/6/2026 16:10
59,6,2,8/7/2026 16:10
85,57,5,8/8/2026 16:10
11,84,3,8/9/2026 16:10
97,84,2,8/10/2026 16:10
60,94,1,8/11/2026 16:10
94,70,3,8/12/2026 16:10
47,58,5,8/13/2026 16:10
39,92,5,8/14/2026 16:10
32,49,1,8/15/2026 16:10
67,34,4,8/16/2026 16:10
24,58,4,8/17/2026 16:10
89,1,5,8/18/2026 16:10
23,99,1,8/19/2026 16:10
11,42,2,8/20/2026 16:10
81,71,3,8/21/2026 16:10
25,30,3,8/22/2026 16:10
53,15,3,8/23/2026 16:10
9,21,1,8/24/2026 16:10
50,16,1,8/25/2026 16:10
41,26,5,8/26/2026 16:10
60,85,3,8/27/2026 16:10
15,53,5,8/28/2026 16:10
82,36,2,8/29/2026 16:10
32,83,1,8/30/2026 16:10
106,8,5,8/31/2026 16:10
51,84,4,9/1/2026 16:10
38,6,1,9/2/2026 16:10
60,32,5,9/3/2026 16:10
102,77,5,9/4/2026 16:10
69,20,2,9/5/2026 16:10
35,75,4,9/6/2026 16:10
20,80,2,9/7/2026 16:10
21,56,5,9/8/2026 16:10
26,75,3,9/9/2026 16:10
68,33,3,9/10/2026 16:10
28,69,5,9/11/2026 16:10
8,59,4,9/12/2026 16:10
92,13,5,9/13/2026 16:10
2,85,3,9/14/2026 16:10
43,48,3,9/15/2026 16:10
97,92,4,9/16/2026 16:10
42,77,1,9/17/2026 16:10
94,46,5,9/18/2026 16:10
100,95,3,9/19/2026 16:10
47,51,4,9/20/2026 16:10
62,89,5,9/21/2026 16:10
76,47,4,9/22/2026 16:10
6,83,4,9/23/2026 16:10
90,43,4,9/24/2026 16:10
100,16,2,9/25/2026 16:10
6,4,5,9/26/2026 16:10
101,4,3,9/27/2026 16:10
67,97,2,9/28/2026 16:10
47,73,5,9/29/2026 16:10
45,21,5,9/30/2026 16:10
18,8,4,10/1/2026 16:10
5,65,5,10/2/2026 16:10
17,25,1,10/3/2026 16:10
47,65,3,10/4/2026 16:10
96,80,4,10/5/2026 16:10
110,59,1,10/6/2026 16:10
34,30,2,10/7/2026 16:10
12,84,4,10/8/2026 16:10
79,82,3,10/9/2026 16:10
34,31,3,10/10/2026 16:10
63,80,1,10/11/2026 16:10
13,35,2,10/12/2026 16:10
36,40,3,10/13/2026 16:10
33,70,3,10/14/2026 16:10
95,38,5,10/15/2026 16:10
11,71,1,10/16/2026 16:10
109,80,3,10/17/2026 16:10
94,68,2,10/18/2026 16:10
89,91,3,10/19/2026 16:10
74,91,1,10/20/2026 16:10
27,92,3,10/21/2026 16:10
106,47,4,10/22/2026 16:10
12,78,4,10/23/2026 16:10
71,93,4,10/24/2026 16:10
59,94,2,10/25/2026 16:10
20,30,1,10/26/2026 16:10
36,32,5,10/27/2026 16:10
53,54,1,10/28/2026 16:10
58,74,4,10/29/2026 16:10
91,71,5,10/30/2026 16:10
17,81,3,10/31/2026 16:10
74,18,5,11/1/2026 16:10
1,66,3,11/2/2026 16:10
110,65,3,11/3/2026 16:10
11,57,2,11/4/2026 16:10
66,97,3,11/5/2026 16:10
39,42,1,11/6/2026 16:10
19,35,3,11/7/2026 16:10
58,92,1,11/8/2026 16:10
7,56,2,11/9/2026 16:10
115,26,4,11/10/2026 16:10
91,81,2,11/11/2026 16:10
100,47,5,11/12/2026 16:10
6,21,1,11/13/2026 16:10
111,84,2,11/14/2026 16:10
83,22,5,11/15/2026 16:10
61,49,1,11/16/2026 16:10
112,11,5,11/17/2026 16:10
90,96,3,11/18/2026 16:10
74,29,3,11/19/2026 16:10
40,67,1,11/20/2026 16:10
3,33,5,11/21/2026 16:10
10,95,3,11/22/2026 16:10
23,30,4,11/23/2026 16:10
103,35,4,11/24/2026 16:10
15,40,2,11/25/2026 16:10
26,76,3,11/26/2026 16:10
58,85,1,11/27/2026 16:10
9,5,3,11/28/2026 16:10
97,31,1,11/29/2026 16:10
81,43,1,11/30/2026 16:10
33,58,1,12/1/2026 16:10
111,6,5,12/2/2026 16:10
25,87,1,12/3/2026 16:10
36,91,1,12/4/2026 16:10
74,91,5,12/5/2026 16:10
83,38,4,12/6/2026 16:10
15,33,4,12/7/2026 16:10
80,50,2,12/8/2026 16:10
11,54,2,12/9/2026 16:10
76,75,5,12/10/2026 16:10
43,88,4,12/11/2026 16:10
54,96,2,12/12/2026 16:10
12,46,3,12/13/2026 16:10
48,99,5,12/14/2026 16:10
108,53,1,12/15/2026 16:10
12,77,4,12/16/2026 16:10
28,80,2,12/17/2026 16:10
59,93,3,12/18/2026 16:10
47,94,5,12/19/2026 16:10
49,4,1,12/20/2026 16:10
1,29,2,12/21/2026 16:10
61,80,1,12/22/2026 16:10
115,64,5,12/23/2026 16:10
49,11,3,12/24/2026 16:10
67,33,5,12/25/2026 16:10
71,23,2,12/26/2026 16:10
40,97,3,12/27/2026 16:10
51,1,2,12/28/2026 16:10
30,11,5,12/29/2026 16:10
33,18,1,12/30/2026 16:10
49,2,4,12/31/2026 16:10
74,62,2,1/1/2027 16:10
18,41,3,1/2/2027 16:10
54,73,1,1/3/2027 16:10
66,37,1,1/4/2027 16:10
18,57,3,1/5/2027 16:10
41,35,2,1/6/2027 16:10
105,97,2,1/7/2027 16:10
102,26,1,1/8/2027 16:10
66,76,5,1/9/2027 16:10
113,3,5,1/10/2027 16:10
55,7,3,1/11/2027 16:10
88,71,1,1/12/2027 16:10
50,82,2,1/13/2027 16:10
88,4,2,1/14/2027 16:10
20,86,5,1/15/2027 16:10
12,58,5,1/16/2027 16:10
6,64,3,1/17/2027 16:10
62,17,1,1/18/2027 16:10
35,2,2,1/19/2027 16:10
5,11,4,1/20/2027 16:10
35,65,5,1/21/2027 16:10
13,10,1,1/22/2027 16:10
80,52,2,1/23/2027 16:10
3,42,1,1/24/2027 16:10
23,5,4,1/25/2027 16:10
71,46,5,1/26/2027 16:10
2,7,1,1/27/2027 16:10
28,50,2,1/28/2027 16:10
71,26,1,1/29/2027 16:10
104,66,2,1/30/2027 16:10
50,100,4,1/31/2027 16:10
57,38,3,2/1/2027 16:10
29,13,4,2/2/2027 16:10
24,32,2,2/3/2027 16:10
37,65,2,2/4/2027 16:10
42,77,1,2/5/2027 16:10
46,18,1,2/6/2027 16:10
72,94,2,2/7/2027 16:10
95,64,3,2/8/2027 16:10
18,100,4,2/9/2027 16:10
108,63,2,2/10/2027 16:10
45,86,5,2/11/2027 16:10
63,84,4,2/12/2027 16:10
101,99,2,2/13/2027 16:10
80,92,1,2/14/2027 16:10
9,38,2,2/15/2027 16:10
94,99,4,2/16/2027 16:10
64,91,1,2/17/2027 16:10
12,76,5,2/18/2027 16:10
90,83,4,2/19/2027 16:10
66,28,3,2/20/2027 16:10
75,45,3,2/21/2027 16:10
72,49,5,2/22/2027 16:10
48,35,4,2/23/2027 16:10
22,3,2,2/24/2027 16:10
97,77,1,2/25/2027 16:10
108,28,1,2/26/2027 16:10
41,48,2,2/27/2027 16:10
74,16,2,2/28/2027 16:10
12,51,5,3/1/2027 16:10
90,60,4,3/2/2027 16:10
11,85,5,3/3/2027 16:10
92,24,1,3/4/2027 16:10
34,19,5,3/5/2027 16:10
25,36,1,3/6/2027 16:10
48,61,2,3/7/2027 16:10
8,1,3,3/8/2027 16:10
94,94,3,3/9/2027 16:10
36,27,3,3/10/2027 16:10
110,48,1,3/11/2027 16:10
38,25,1,3/12/2027 16:10
114,24,3,3/13/2027 16:10
18,92,4,3/14/2027 16:10
50,54,4,3/15/2027 16:10
37,44,4,3/16/2027 16:10
52,41,5,3/17/2027 16:10
109,63,3,3/18/2027 16:10
22,99,5,3/19/2027 16:10
51,72,5,3/20/2027 16:10
65,42,1,3/21/2027 16:10
38,34,4,3/22/2027 16:10
48,72,1,3/23/2027 16:10
98,22,4,3/24/2027 16:10
69,8,2,3/25/2027 16:10
56,31,5,3/26/2027 16:10
96,52,1,3/27/2027 16:10
6,57,4,3/28/2027 16:10
47,41,2,3/29/2027 16:10
101,77,5,3/30/2027 16:10
101,17,2,3/31/2027 16:10
74,81,3,4/1/2027 16:10
89,36,4,4/2/2027 16:10
71,8,2,4/3/2027 16:10
28,75,3,4/4/2027 16:10
86,62,2,4/5/2027 16:10
8,24,5,4/6/2027 16:10
82,91,1,4/7/2027 16:10
30,2,4,4/8/2027 16:10
63,61,5,4/9/2027 16:10
67,45,3,4/10/2027 16:10
9,89,2,4/11/2027 16:10
6,65,2,4/12/2027 16:10
48,46,4,4/13/2027 16:10
10,82,4,4/14/2027 16:10
12,46,2,4/15/2027 16:10
89,10,4,4/16/2027 16:10
24,92,5,4/17/2027 16:10
18,61,2,4/18/2027 16:10
85,52,2,4/19/2027 16:10
104,61,3,4/20/2027 16:10
105,81,1,4/21/2027 16:10
31,15,3,4/22/2027 16:10
65,70,4,4/23/2027 16:10
3,94,4,4/24/2027 16:10
91,19,1,4/25/2027 16:10
46,64,1,4/26/2027 16:10
71,3,5,4/27/2027 16:10
66,38,5,4/28/2027 16:10
102,40,3,4/29/2027 16:10
38,19,2,4/30/2027 16:10
82,91,1,5/1/2027 16:10
96,59,1,5/2/2027 16:10
65,93,4,5/3/2027 16:10
66,98,1,5/4/2027 16:10
12,7,1,5/5/2027 16:10
65,25,4,5/6/2027 16:10
66,41,1,5/7/2027 16:10
44,62,2,5/8/2027 16:10
57,100,5,5/9/2027 16:10
99,36,1,5/10/2027 16:10
19,24,3,5/11/2027 16:10
68,70,1,5/12/2027 16:10
68,70,5,5/13/2027 16:10
37,41,5,5/14/2027 16:10
59,69,3,5/15/2027 16:10
84,16,4,5/16/2027 16:10
103,34,1,5/17/2027 16:10
78,81,2,5/18/2027 16:10
76,76,5,5/19/2027 16:10
6,51,4,5/20/2027 16:10
85,55,3,5/21/2027 16:10
114,18,3,5/22/2027 16:10
37,79,4,5/23/2027 16:10
49,49,1,5/24/2027 16:10
15,27,3,5/25/2027 16:10
79,83,4,5/26/2027 16:10
1,52,1,5/27/2027 16:10
104,67,1,5/28/2027 16:10
81,47,5,5/29/2027 16:10
1,39,4,5/30/2027 16:10
110,83,3,5/31/2027 16:10
28,4,5,6/1/2027 16:10
58,96,4,6/2/2027 16:10
107,57,5,6/3/2027 16:10
53,89,1,6/4/2027 16:10
112,17,1,6/5/2027 16:10
38,81,2,6/6/2027 16:10
98,47,2,6/7/2027 16:10
27,28,5,6/8/2027 16:10
4,92,2,6/9/2027 16:10
9,8,2,6/10/2027 16:10
81,47,1,6/11/2027 16:10
2,92,2,6/12/2027 16:10
56,58,4,6/13/2027 16:10
107,48,4,6/14/2027 16:10
29,48,4,6/15/2027 16:10
40,72,3,6/16/2027 16:10
46,78,1,6/17/2027 16:10
1,92,2,6/18/2027 16:10
62,78,3,6/19/2027 16:10
80,37,4,6/20/2027 16:10
33,31,2,6/21/2027 16:10
65,85,3,6/22/2027 16:10
15,27,3,6/23/2027 16:10
54,34,4,6/24/2027 16:10
40,89,3,6/25/2027 16:10
64,28,2,6/26/2027 16:10
81,27,4,6/27/2027 16:10
1,57,4,6/28/2027 16:10
99,99,1,6/29/2027 16:10
38,38,3,6/30/2027 16:10
41,5,1,7/1/2027 16:10
43,4,2,7/2/2027 16:10
45,23,1,7/3/2027 16:10
60,58,1,7/4/2027 16:10
43,44,3,7/5/2027 16:10
28,83,1,7/6/2027 16:10
66,3,5,7/7/2027 16:10
83,79,3,7/8/2027 16:10
77,81,3,7/9/2027 16:10
27,92,1,7/10/2027 16:10
48,96,3,7/11/2027 16:10
71,13,2,7/12/2027 16:10
56,39,5,7/13/2027 16:10
53,9,3,7/14/2027 16:10
79,85,3,7/15/2027 16:10
16,62,2,7/16/2027 16:10
101,54,2,7/17/2027 16:10
19,37,1,7/18/2027 16:10
82,60,3,7/19/2027 16:10
21,48,5,7/20/2027 16:10
49,31,4,7/21/2027 16:10
94,95,4,7/22/2027 16:10
71,46,2,7/23/2027 16:10
5,9,5,7/24/2027 16:10
63,58,3,7/25/2027 16:10
26,9,1,7/26/2027 16:10
57,94,2,7/27/2027 16:10
15,81,3,7/28/2027 16:10
74,28,5,7/29/2027 16:10
98,72,4,7/30/2027 16:10
33,92,5,7/31/2027 16:10
93,100,2,8/1/2027 16:10
33,39,3,8/2/2027 16:10
48,24,4,8/3/2027 16:10
27,19,1,8/4/2027 16:10
14,19,1,8/5/2027 16:10
69,90,1,8/6/2027 16:10
19,99,5,8/7/2027 16:10
48,28,1,8/8/2027 16:10
97,59,2,8/9/2027 16:10
36,9,4,8/10/2027 16:10
57,68,3,8/11/2027 16:10
21,45,4,8/12/2027 16:10
87,77,5,8/13/2027 16:10
12,70,4,8/14/2027 16:10
111,44,3,8/15/2027 16:10
5,65,3,8/16/2027 16:10
42,92,4,8/17/2027 16:10
103,90,1,8/18/2027 16:10
114,93,4,8/19/2027 16:10
46,55,3,8/20/2027 16:10
7,36,4,8/21/2027 16:10
33,85,1,8/22/2027 16:10
39,58,4,8/23/2027 16:10
7,71,5,8/24/2027 16:10
105,60,2,8/25/2027 16:10
31,26,4,8/26/2027 16:10
67,88,3,8/27/2027 16:10
32,53,1,8/28/2027 16:10
70,44,1,8/29/2027 16:10
72,20,4,8/30/2027 16:10
86,92,1,8/31/2027 16:10
33,10,5,9/1/2027 16:10
94,19,3,9/2/2027 16:10
25,12,2,9/3/2027 16:10
72,89,4,9/4/2027 16:10
82,65,3,9/5/2027 16:10
104,98,1,9/6/2027 16:10
100,44,1,9/7/2027 16:10
68,70,1,9/8/2027 16:10
113,3,1,9/9/2027 16:10
22,54,5,9/10/2027 16:10
31,83,5,9/11/2027 16:10
14,15,1,9/12/2027 16:10
25,80,3,9/13/2027 16:10
3,30,1,9/14/2027 16:10
115,27,2,9/15/2027 16:10
54,86,5,9/16/2027 16:10
49,14,5,9/17/2027 16:10
105,45,5,9/18/2027 16:10
83,37,1,9/19/2027 16:10
7,49,1,9/20/2027 16:10
108,54,4,9/21/2027 16:10
42,24,2,9/22/2027 16:10
100,16,2,9/23/2027 16:10
3,63,3,9/24/2027 16:10
85,2,2,9/25/2027 16:10
54,88,2,9/26/2027 16:10
45,54,3,9/27/2027 16:10
38,10,2,9/28/2027 16:10
81,13,5,9/29/2027 16:10
43,95,5,9/30/2027 16:10
106,33,4,10/1/2027 16:10
9,83,2,10/2/2027 16:10
3,14,5,10/3/2027 16:10
87,89,2,10/4/2027 16:10
39,52,5,10/5/2027 16:10
21,82,1,10/6/2027 16:10
18,16,4,10/7/2027 16:10
60,11,1,10/8/2027 16:10
88,42,4,10/9/2027 16:10
107,93,3,10/10/2027 16:10
6,23,5,10/11/2027 16:10
52,38,2,10/12/2027 16:10
29,58,4,10/13/2027 16:10
42,78,2,10/14/2027 16:10
71,23,4,10/15/2027 16:10
19,47,2,10/16/2027 16:10
16,69,2,10/17/2027 16:10
78,45,5,10/18/2027 16:10
59,63,2,10/19/2027 16:10
103,45,4,10/20/2027 16:10
57,46,2,10/21/2027 16:10
115,85,3,10/22/2027 16:10
91,61,3,10/23/2027 16:10
14,28,1,10/24/2027 16:10
95,34,4,10/25/2027 16:10
88,3,3,10/26/2027 16:10
75,77,1,10/27/2027 16:10
65,68,2,10/28/2027 16:10
110,24,3,10/29/2027 16:10
39,73,1,10/30/2027 16:10
39,92,4,10/31/2027 16:10
106,81,4,11/1/2027 16:10
67,3,4,11/2/2027 16:10
19,64,5,11/3/2027 16:10
27,56,3,11/4/2027 16:10
113,54,1,11/5/2027 16:10
63,46,5,11/6/2027 16:10
80,14,4,11/7/2027 16:10
99,3,2,11/8/2027 16:10
44,42,5,11/9/2027 16:10
12,21,2,11/10/2027 16:10
13,72,5,11/11/2027 16:10
15,28,2,11/12/2027 16:10
100,68,5,11/13/2027 16:10
73,2,1,11/14/2027 16:10
59,68,3,11/15/2027 16:10
40,6,2,11/16/2027 16:10
49,20,4,11/17/2027 16:10
87,56,2,11/18/2027 16:10
56,21,4,11/19/2027 16:10
3,75,2,11/20/2027 16:10
35,95,5,11/21/2027 16:10
55,71,5,11/22/2027 16:10
67,20,3,11/23/2027 16:10
56,45,1,11/24/2027 16:10
6,74,2,11/25/2027 16:10
44,47,2,11/26/2027 16:10
64,49,3,11/27/2027 16:10
29,2,4,11/28/2027 16:10
106,41,3,11/29/2027 16:10
97,37,2,11/30/2027 16:10
71,100,3,12/1/2027 16:10
4,31,5,12/2/2027 16:10
7,68,1,12/3/2027 16:10
57,7,2,12/4/2027 16:10
4,22,4,12/5/2027 16:10
93,91,2,12/6/2027 16:10
36,74,4,12/7/2027 16:10
2,75,5,12/8/2027 16:10
94,34,2,12/9/2027 16:10
32,63,3,12/10/2027 16:10
37,52,5,12/11/2027 16:10
36,83,3,12/12/2027 16:10
105,87,5,12/13/2027 16:10
53,37,5,12/14/2027 16:10
53,15,4,12/15/2027 16:10
65,29,5,12/16/2027 16:10
28,68,3,12/17/2027 16:10
53,90,4,12/18/2027 16:10
40,88,1,12/19/2027 16:10
104,72,1,12/20/2027 16:10
9,73,5,12/21/2027 16:10
77,89,3,12/22/2027 16:10
110,35,3,12/23/2027 16:10
112,97,5,12/24/2027 16:10
91,57,5,12/25/2027 16:10
75,18,3,12/26/2027 16:10
30,5,4,12/27/2027 16:10
10,70,1,12/28/2027 16:10
28,30,4,12/29/2027 16:10
88,74,1,12/30/2027 16:10
7,60,2,12/31/2027 16:10
49,78,5,1/1/2028 16:10
54,65,4,1/2/2028 16:10
65,53,3,1/3/2028 16:10
33,33,3,1/4/2028 16:10
11,43,3,1/5/2028 16:10
55,61,5,1/6/2028 16:10
112,67,1,1/7/2028 16:10
49,87,3,1/8/2028 16:10
103,66,2,1/9/2028 16:10
84,97,1,1/10/2028 16:10
67,30,3,1/11/2028 16:10
63,72,5,1/12/2028 16:10
28,35,2,1/13/2028 16:10
83,35,4,1/14/2028 16:10
68,43,1,1/15/2028 16:10
48,30,4,1/16/2028 16:10
31,62,4,1/17/2028 16:10
110,89,2,1/18/2028 16:10
4,8,4,1/19/2028 16:10
87,80,2,1/20/2028 16:10
102,8,2,1/21/2028 16:10
32,5,1,1/22/2028 16:10
50,64,5,1/23/2028 16:10
27,11,3,1/24/2028 16:10
34,26,1,1/25/2028 16:10
44,36,1,1/26/2028 16:10
27,34,4,1/27/2028 16:10
62,39,2,1/28/2028 16:10
64,39,2,1/29/2028 16:10
5,54,4,1/30/2028 16:10
31,100,4,1/31/2028 16:10
60,59,1,2/1/2028 16:10
78,4,2,2/2/2028 16:10
100,65,4,2/3/2028 16:10
63,8,1,2/4/2028 16:10
37,11,3,2/5/2028 16:10
42,62,4,2/6/2028 16:10
38,29,5,2/7/2028 16:10
31,25,5,2/8/2028 16:10
102,59,4,2/9/2028 16:10
86,26,5,2/10/2028 16:10
93,12,1,2/11/2028 16:10
6,61,3,2/12/2028 16:10
62,58,3,2/13/2028 16:10
35,6,3,2/14/2028 16:10
99,17,2,2/15/2028 16:10
6,8,4,2/16/2028 16:10
45,55,5,2/17/2028 16:10
8,84,2,2/18/2028 16:10
114,92,4,2/19/2028 16:10
62,10,5,2/20/2028 16:10
18,81,5,2/21/2028 16:10
72,1,1,2/22/2028 16:10
99,28,5,2/23/2028 16:10
37,33,2,2/24/2028 16:10
63,83,5,2/25/2028 16:10
99,43,2,2/26/2028 16:10
12,70,4,2/27/2028 16:10
78,16,4,2/28/2028 16:10
5,78,2,2/29/2028 16:10
49,85,3,3/1/2028 16:10
113,52,5,3/2/2028 16:10
99,46,4,3/3/2028 16:10
104,4,2,3/4/2028 16:10
88,36,3,3/5/2028 16:10
17,74,5,3/6/2028 16:10
35,47,1,3/7/2028 16:10
100,14,3,3/8/2028 16:10
44,81,5,3/9/2028 16:10
115,37,5,3/10/2028 16:10
60,94,5,3/11/2028 16:10
68,50,4,3/12/2028 16:10
83,81,3,3/13/2028 16:10
16,46,1,3/14/2028 16:10
44,91,2,3/15/2028 16:10
67,85,4,3/16/2028 16:10
107,74,2,3/17/2028 16:10
96,91,4,3/18/2028 16:10
40,24,4,3/19/2028 16:10
65,91,3,3/20/2028 16:10
84,73,4,3/21/2028 16:10
79,76,3,3/22/2028 16:10
82,46,3,3/23/2028 16:10
36,8,5,3/24/2028 16:10
80,92,2,3/25/2028 16:10
42,26,1,3/26/2028 16:10
91,44,3,3/27/2028 16:10
45,43,5,3/28/2028 16:10
6,44,2,3/29/2028 16:10
110,95,3,3/30/2028 16:10
52,38,3,3/31/2028 16:10
5,80,2,4/1/2028 16:10
75,3,4,4/2/2028 16:10
24,73,4,4/3/2028 16:10
21,14,4,4/4/2028 16:10
82,76,5,4/5/2028 16:10
91,16,1,4/6/2028 16:10
9,91,5,4/7/2028 16:10
59,45,2,4/8/2028 16:10
96,30,2,4/9/2028 16:10
87,90,5,4/10/2028 16:10
92,12,3,4/11/2028 16:10
91,30,5,4/12/2028 16:10
89,75,1,4/13/2028 16:10
5,54,5,4/14/2028 16:10
90,79,3,4/15/2028 16:10
19,13,5,4/16/2028 16:10
52,46,3,4/17/2028 16:10
66,15,1,4/18/2028 16:10
100,91,2,4/19/2028 16:10
19,29,5,4/20/2028 16:10
62,95,5,4/21/2028 16:10
23,75,4,4/22/2028 16:10
35,8,4,4/23/2028 16:10
7,32,1,4/24/2028 16:10
67,12,3,4/25/2028 16:10
56,42,1,4/26/2028 16:10
101,47,5,4/27/2028 16:10
18,6,5,4/28/2028 16:10
14,32,5,4/29/2028 16:10
113,55,3,4/30/2028 16:10
74,75,4,5/1/2028 16:10
106,32,4,5/2/2028 16:10
65,13,1,5/3/2028 16:10
106,47,1,5/4/2028 16:10
91,17,3,5/5/2028 16:10
53,47,4,5/6/2028 16:10
115,62,5,5/7/2028 16:10
21,69,1,5/8/2028 16:10
63,21,3,5/9/2028 16:10
17,33,5,5/10/2028 16:10
15,97,1,5/11/2028 16:10
12,15,2,5/12/2028 16:10
96,57,5,5/13/2028 16:10
43,28,4,5/14/2028 16:10
39,33,3,5/15/2028 16:10
61,64,5,5/16/2028 16:10
92,15,2,5/17/2028 16:10
75,66,3,5/18/2028 16:10
107,21,1,5/19/2028 16:10
90,32,5,5/20/2028 16:10
104,64,5,5/21/2028 16:10
30,86,3,5/22/2028 16:10
39,60,4,5/23/2028 16:10
7,51,3,5/24/2028 16:10
36,24,4,5/25/2028 16:10
21,43,1,5/26/2028 16:10
9,49,2,5/27/2028 16:10
52,6,5,5/28/2028 16:10
77,92,5,5/29/2028 16:10
92,55,1,5/30/2028 16:10
5,14,1,5/31/2028 16:10
6,31,5,6/1/2028 16:10
114,54,4,6/2/2028 16:10
76,78,5,6/3/2028 16:10
104,75,2,6/4/2028 16:10
90,3,5,6/5/2028 16:10
100,80,1,6/6/2028 16:10
33,83,5,6/7/2028 16:10
67,36,4,6/8/2028 16:10
58,69,3,6/9/2028 16:10
82,83,4,6/10/2028 16:10
102,83,2,6/11/2028 16:10
67,66,5,6/12/2028 16:10
28,69,4,6/13/2028 16:10
44,58,3,6/14/2028 16:10
98,3,1,6/15/2028 16:10
105,43,1,6/16/2028 16:10
15,96,1,6/17/2028 16:10
103,42,3,6/18/2028 16:10
48,95,2,6/19/2028 16:10
107,4,4,6/20/2028 16:10
73,52,4,6/21/2028 16:10
64,52,2,6/22/2028 16:10
47,96,2,6/23/2028 16:10
34,61,2,6/24/2028 16:10
33,86,1,6/25/2028 16:10
40,74,4,6/26/2028 16:10
52,75,1,6/27/2028 16:10
25,11,3,6/28/2028 16:10
37,13,3,6/29/2028 16:10
108,28,4,6/30/2028 16:10
68,27,5,7/1/2028 16:10
42,56,4,7/2/2028 16:10
21,10,3,7/3/2028 16:10
12,54,5,7/4/2028 16:10
22,53,2,7/5/2028 16:10
12,60,3,7/6/2028 16:10
53,81,5,7/7/2028 16:10
56,23,2,7/8/2028 16:10
98,86,4,7/9/2028 16:10
77,24,1,7/10/2028 16:10
41,72,3,7/11/2028 16:10
71,52,5,7/12/2028 16:10
63,92,5,7/13/2028 16:10
115,79,1,7/14/2028 16:10
43,54,1,7/15/2028 16:10
86,10,5,7/16/2028 16:10
20,60,1,7/17/2028 16:10
10,5,5,7/18/2028 16:10
104,65,1,7/19/2028 16:10
15,55,3,7/20/2028 16:10
90,41,1,7/21/2028 16:10
91,75,1,7/22/2028 16:10
69,57,5,7/23/2028 16:10
40,44,3,7/24/2028 16:10
26,37,5,7/25/2028 16:10
68,35,3,7/26/2028 16:10
107,81,1,7/27/2028 16:10
75,48,2,7/28/2028 16:10
21,22,2,7/29/2028 16:10
42,89,2,7/30/2028 16:10
111,5,3,7/31/2028 16:10
16,7,3,8/1/2028 16:10
93,11,2,8/2/2028 16:10
74,28,2,8/3/2028 16:10
11,84,4,8/4/2028 16:10
68,87,3,8/5/2028 16:10
37,24,3,8/6/2028 16:10
63,31,4,8/7/2028 16:10
65,12,5,8/8/2028 16:10
70,97,2,8/9/2028 16:10
27,11,3,8/10/2028 16:10
94,19,4,8/11/2028 16:10
61,56,3,8/12/2028 16:10
81,67,3,8/13/2028 16:10
1,58,1,8/14/2028 16:10
35,49,3,8/15/2028 16:10
86,3,2,8/16/2028 16:10
53,70,5,8/17/2028 16:10
96,96,2,8/18/2028 16:10
72,9,1,8/19/2028 16:10
31,40,4,8/20/2028 16:10
24,63,5,8/21/2028 16:10
26,97,3,8/22/2028 16:10
92,2,3,8/23/2028 16:10
98,37,1,8/24/2028 16:10
109,64,1,8/25/2028 16:10
83,27,2,8/26/2028 16:10
46,66,4,8/27/2028 16:10
114,6,1,8/28/2028 16:10
2,88,3,8/29/2028 16:10
53,24,5,8/30/2028 16:10
79,45,5,8/31/2028 16:10
45,40,1,9/1/2028 16:10
22,43,1,9/2/2028 16:10
86,91,3,9/3/2028 16:10
62,68,4,9/4/2028 16:10
27,80,3,9/5/2028 16:10
65,63,4,9/6/2028 16:10
105,84,2,9/7/2028 16:10
54,98,3,9/8/2028 16:10
32,5,2,9/9/2028 16:10
40,33,5,9/10/2028 16:10
37,20,5,9/11/2028 16:10
89,5,2,9/12/2028 16:10
106,77,2,9/13/2028 16:10
71,47,5,9/14/2028 16:10
65,11,4,9/15/2028 16:10
89,49,4,9/16/2028 16:10
109,70,3,9/17/2028 16:10
45,12,4,9/18/2028 16:10
28,28,2,9/19/2028 16:10
7,24,2,9/20/2028 16:10
22,57,4,9/21/2028 16:10
105,68,5,9/22/2028 16:10
110,9,5,9/23/2028 16:10
79,78,5,9/24/2028 16:10
71,34,2,9/25/2028 16:10
95,63,3,9/26/2028 16:10
57,70,2,9/27/2028 16:10
38,97,1,9/28/2028 16:10
75,5,1,9/29/2028 16:10
7,98,5,9/30/2028 16:10
62,24,2,10/1/2028 16:10
55,99,4,10/2/2028 16:10
33,15,4,10/3/2028 16:10
34,40,4,10/4/2028 16:10
93,40,1,10/5/2028 16:10
2,47,1,10/6/2028 16:10
87,45,2,10/7/2028 16:10
60,27,1,10/8/2028 16:10
45,44,4,10/9/2028 16:10
56,37,3,10/10/2028 16:10
36,82,1,10/11/2028 16:10
4,77,3,10/12/2028 16:10
94,48,5,10/13/2028 16:10
16,81,1,10/14/2028 16:10
47,51,5,10/15/2028 16:10
98,3,1,10/16/2028 16:10
76,61,1,10/17/2028 16:10
81,18,4,10/18/2028 16:10
99,34,3,10/19/2028 16:10
108,73,4,10/20/2028 16:10
107,2,5,10/21/2028 16:10
103,51,1,10/22/2028 16:10
1,49,4,10/23/2028 16:10
71,14,5,10/24/2028 16:10
48,27,3,10/25/2028 16:10
110,97,1,10/26/2028 16:10
65,38,1,10/27/2028 16:10
38,92,2,10/28/2028 16:10
74,86,2,10/29/2028 16:10
74,40,5,10/30/2028 16:10
2,37,5,10/31/2028 16:10
50,23,1,11/1/2028 16:10
87,65,5,11/2/2028 16:10
17,49,1,11/3/2028 16:10
1,70,5,11/4/2028 16:10
36,50,1,11/5/2028 16:10
37,72,5,11/6/2028 16:10
44,2,4,11/7/2028 16:10
30,94,5,11/8/2028 16:10
56,1,1,11/9/2028 16:10
32,37,2,11/10/2028 16:10
69,10,3,11/11/2028 16:10
98,98,5,11/12/2028 16:10
92,52,5,11/13/2028 16:10
87,1,4,11/14/2028 16:10
16,28,1,11/15/2028 16:10
27,23,4,11/16/2028 16:10
61,65,2,11/17/2028 16:10
42,7,1,11/18/2028 16:10
34,65,1,11/19/2028 16:10
77,4,2,11/20/2028 16:10
9,93,2,11/21/2028 16:10
71,65,3,11/22/2028 16:10
16,33,1,11/23/2028 16:10
68,87,4,11/24/2028 16:10
45,16,5,11/25/2028 16:10
43,64,1,11/26/2028 16:10
114,54,4,11/27/2028 16:10
87,76,5,11/28/2028 16:10
14,33,1,11/29/2028 16:10
16,73,1,11/30/2028 16:10
110,18,1,12/1/2028 16:10
80,59,3,12/2/2028 16:10
53,25,3,12/3/2028 16:10
78,29,1,12/4/2028 16:10
50,60,1,12/5/2028 16:10
112,83,3,12/6/2028 16:10
33,2,5,12/7/2028 16:10
83,75,3,12/8/2028 16:10
107,10,5,12/9/2028 16:10
5,33,1,12/10/2028 16:10
55,72,4,12/11/2028 16:10
23,7,4,12/12/2028 16:10
46,20,4,12/13/2028 16:10
83,28,1,12/14/2028 16:10
65,55,3,12/15/2028 16:10
98,68,1,12/16/2028 16:10
84,16,3,12/17/2028 16:10
1,76,5,12/18/2028 16:10
38,47,5,12/19/2028 16:10
93,38,3,12/20/2028 16:10
105,8,2,12/21/2028 16:10
13,41,2,12/22/2028 16:10
79,58,3,12/23/2028 16:10
46,68,5,12/24/2028 16:10
81,75,3,12/25/2028 16:10
70,19,1,12/26/2028 16:10
63,9,4,12/27/2028 16:10
69,64,4,12/28/2028 16:10
42,71,2,12/29/2028 16:10
78,23,3,12/30/2028 16:10
70,15,4,12/31/2028 16:10
39,19,2,1/1/2029 16:10
49,12,5,1/2/2029 16:10
104,8,1,1/3/2029 16:10
26,23,2,1/4/2029 16:10
111,29,2,1/5/2029 16:10
82,87,1,1/6/2029 16:10
67,63,3,1/7/2029 16:10
104,98,5,1/8/2029 16:10
35,22,3,1/9/2029 16:10
7,31,2,1/10/2029 16:10
22,55,3,1/11/2029 16:10
15,49,4,1/12/2029 16:10
76,23,1,1/13/2029 16:10
30,90,1,1/14/2029 16:10
73,7,1,1/15/2029 16:10
37,14,1,1/16/2029 16:10
18,36,3,1/17/2029 16:10
114,31,5,1/18/2029 16:10
24,56,3,1/19/2029 16:10
23,62,1,1/20/2029 16:10
7,49,2,1/21/2029 16:10
107,99,4,1/22/2029 16:10
67,35,2,1/23/2029 16:10
106,72,3,1/24/2029 16:10
21,32,2,1/25/2029 16:10
42,89,4,1/26/2029 16:10
56,29,2,1/27/2029 16:10
33,88,5,1/28/2029 16:10
70,77,2,1/29/2029 16:10
1,69,2,1/30/2029 16:10
81,5,3,1/31/2029 16:10
60,27,3,2/1/2029 16:10
51,40,5,2/2/2029 16:10
115,43,5,2/3/2029 16:10
26,39,4,2/4/2029 16:10
109,68,2,2/5/2029 16:10
29,17,2,2/6/2029 16:10
94,25,5,2/7/2029 16:10
73,16,5,2/8/2029 16:10
68,51,4,2/9/2029 16:10
23,14,1,2/10/2029 16:10
62,42,3,2/11/2029 16:10
67,80,3,2/12/2029 16:10
92,12,5,2/13/2029 16:10
82,80,4,2/14/2029 16:10
75,41,1,2/15/2029 16:10
77,83,3,2/16/2029 16:10
92,84,1,2/17/2029 16:10
114,30,4,2/18/2029 16:10
24,42,5,2/19/2029 16:10
83,68,1,2/20/2029 16:10
45,49,5,2/21/2029 16:10
5,98,2,2/22/2029 16:10
86,49,3,2/23/2029 16:10
30,74,3,2/24/2029 16:10
73,65,2,2/25/2029 16:10
104,44,1,2/26/2029 16:10
69,22,2,2/27/2029 16:10
73,43,4,2/28/2029 16:10
44,60,3,3/1/2029 16:10
53,58,4,3/2/2029 16:10
72,54,2,3/3/2029 16:10
94,47,5,3/4/2029 16:10
71,42,5,3/5/2029 16:10
72,98,3,3/6/2029 16:10
89,35,2,3/7/2029 16:10
33,21,1,3/8/2029 16:10
43,86,2,3/9/2029 16:10
45,77,3,3/10/2029 16:10
49,16,1,3/11/2029 16:10
95,95,3,3/12/2029 16:10
24,20,2,3/13/2029 16:10
21,93,5,3/14/2029 16:10
94,90,2,3/15/2029 16:10
24,99,2,3/16/2029 16:10
53,93,1,3/17/2029 16:10
60,70,4,3/18/2029 16:10
10,49,2,3/19/2029 16:10
62,32,4,3/20/2029 16:10
2,14,1,3/21/2029 16:10
27,61,2,3/22/2029 16:10
72,49,1,3/23/2029 16:10
20,22,2,3/24/2029 16:10
50,4,2,3/25/2029 16:10
112,23,4,3/26/2029 16:10
17,39,1,3/27/2029 16:10
93,40,5,3/28/2029 16:10
115,96,2,3/29/2029 16:10
107,43,3,3/30/2029 16:10
33,16,1,3/31/2029 16:10
56,78,1,4/1/2029 16:10
21,91,4,4/2/2029 16:10
6,99,3,4/3/2029 16:10
33,70,4,4/4/2029 16:10
40,51,4,
95,97,5,
107,28,3,
111,68,4,
93,12,1,
92,31,2,
9,27,1,
75,78,3,
35,28,1,
71,62,2,
27,4,5,
32,96,3,
96,28,5,
35,82,3,
98,68,2,
73,73,2,
104,55,5,
71,38,4,
5,43,1,
83,70,4,
34,12,1,
8,78,5,
57,89,5,
30,29,4,
80,77,4,
91,59,5,
95,60,2,
24,4,5,
22,71,2,
23,3,2,
32,58,4,
14,22,1,
84,35,3,
100,94,5,
106,29,3,
29,37,3,
42,17,2,
107,77,2,
84,87,5,
45,51,2,
101,60,1,
19,83,3,
72,41,5,
66,6,5,
23,45,2,
32,53,3,
27,8,2,
20,88,4,
10,58,1,
53,67,2,
22,12,3,
55,19,2,
30,21,5,
100,23,1,
88,80,4,
42,88,5,
86,19,3,
7,68,5,
91,67,2,
105,49,4,
15,56,1,
86,91,2,
2,12,5,
47,78,4,
38,59,3,
26,59,5,
10,84,1,
99,68,1,
63,42,2,
111,51,1,
100,94,2,
12,59,2,
29,27,1,
89,82,5,
104,35,1,
91,87,1,
41,99,2,
51,77,2,
89,58,1,
88,25,5,
60,49,2,
73,48,1,
29,75,5,
93,83,1,
50,67,4,
22,74,5,
48,4,2,
101,4,4,
92,61,3,
83,17,4,
9,46,1,
114,57,5,
10,40,4,
91,97,4,
47,61,2,
4,82,1,
29,13,4,
55,52,5,
61,20,2,
28,24,2,
11,57,4,
32,2,2,
97,46,4,
64,23,4,
79,29,1,
114,89,3,
97,66,1,
86,65,1,
95,72,4,
113,97,2,
2,23,3,
78,33,5,
81,66,1,
63,7,3,
38,22,5,
6,11,5,
52,69,2,
57,18,2,
67,33,1,
22,31,3,
30,77,4,
96,23,5,
94,96,5,
81,79,2,
90,6,4,
99,73,1,
77,78,3,
71,11,3,
71,41,3,
91,58,5,
27,48,4,
62,15,5,
90,46,2,
75,65,3,
31,27,2,
16,14,1,
28,9,2,
86,88,5,
61,92,2,
81,71,5,
103,96,3,
115,40,4,
1,86,2,
99,67,4,
39,74,2,
44,19,4,
20,65,4,
18,69,2,
112,10,3,
22,31,4,
38,16,3,
115,51,5,
18,90,1,
41,62,5,
4,72,1,
72,11,2,
81,23,3,
39,42,2,
66,21,5,
57,16,2,
87,8,5,
86,15,2,
74,6,5,
102,67,1,
84,52,4,
78,26,2,
17,13,4,
47,27,4,
58,16,5,
75,12,1,
74,59,4,
16,79,4,
64,3,3,
38,49,4,
33,75,4,
25,4,2,
69,9,3,
109,19,4,
27,47,3,
109,94,4,
43,66,3,
27,3,5,
73,97,5,
19,16,5,
99,24,5,
24,78,3,
100,71,1,
72,33,1,
3,97,2,
53,75,1,
28,73,3,
63,47,2,
87,13,5,
101,50,3,
59,67,5,
25,18,3,
46,29,3,
6,5,2,
51,96,1,
100,73,3,
21,9,2,
17,1,3,
17,39,5,
40,98,1,
43,46,1,
109,52,4,
40,64,3,
103,66,2,
59,22,3,
108,13,2,
72,79,2,
11,53,5,
41,44,3,
107,53,1,
92,81,4,
15,89,5,
8,35,2,
58,52,3,
37,98,2,
44,96,1,
18,89,3,
15,76,2,
74,55,4,
43,87,3,
103,58,3,
83,58,1,
51,74,1,
111,86,5,
20,18,4,
38,60,5,
10,17,5,
98,26,4,
114,6,3,
19,31,5,
115,29,1,
20,44,5,
58,85,4,
53,12,3,
19,97,4,
23,82,4,
106,82,4,
66,68,1,
34,85,4,
63,52,4,
108,24,4,
90,98,5,
95,13,3,
107,73,1,
45,72,2,
19,62,5,
114,91,4,
109,25,1,
27,26,4,
17,61,1,
78,91,1,
114,12,5,
78,76,1,
67,75,4,
86,52,1,
7,84,1,
7,40,3,
26,72,4,
42,34,3,
48,11,3,
21,39,5,
35,43,5,
34,35,3,
43,42,2,
1,28,4,
66,69,1,
87,32,2,
99,18,4,
109,46,1,
24,84,2,
82,27,2,
48,19,2,
46,21,1,
42,92,4,
9,39,4,
20,78,5,
16,87,1,
114,22,3,
27,18,3,
78,11,3,
39,86,4,
83,78,4,
39,54,4,
80,22,5,
90,86,3,
47,23,3,
77,94,5,
18,80,2,
92,97,4,
95,8,2,
32,84,1,
100,38,4,
24,15,2,
18,66,5,
52,29,2,
113,51,2,
24,16,4,
79,34,5,
20,33,5,
17,87,4,
71,54,3,
21,14,1,
78,39,5,
60,14,4,
94,72,2,
110,45,4,
68,86,2,
115,61,3,
62,97,5,
91,34,2,
64,46,3,
77,72,2,
43,61,4,
91,13,2,
115,96,4,
52,28,5,
67,78,4,
26,83,5,
51,89,4,
99,8,3,
2,34,1,
5,93,1,
48,52,5,
96,95,3,
11,92,3,
10,28,5,
61,51,1,
108,88,3,
115,19,3,
65,60,2,
93,84,3,
81,84,4,
105,51,4,
91,52,4,
80,10,2,
80,94,2,
41,30,2,
80,50,2,
5,80,5,
106,89,1,
31,93,1,
35,98,3,
82,32,3,
78,79,1,
81,45,4,
23,40,4,
65,57,5,
25,30,3,
58,77,3,
63,72,4,
28,96,1,
64,57,4,
53,21,4,
11,85,2,
77,5,2,
61,13,2,
51,6,1,
81,23,5,
56,97,5,
112,97,2,
35,72,2,
8,45,2,
112,21,4,
73,45,1,
37,47,3,
75,96,5,
35,55,1,
17,80,1,
67,36,1,
6,52,4,
101,77,1,
97,73,2,
52,32,4,
44,71,3,
52,27,5,
21,97,4,
23,86,4,
93,19,4,
64,91,3,
35,62,4,
94,54,5,
62,78,1,
7,73,4,
12,14,5,
12,31,4,
89,51,5,
2,67,5,
81,46,2,
107,9,5,
36,5,2,
27,82,2,
29,87,3,
45,81,4,
59,80,5,
13,25,4,
30,44,5,
59,82,1,
24,30,4,
104,27,3,
53,72,2,
41,38,3,
101,35,1,
82,30,5,
58,53,2,
15,34,4,
9,95,1,
109,60,1,
87,25,5,
45,74,2,
55,20,2,
42,62,3,
44,99,2,
33,85,5,
67,30,3,
37,23,5,
6,88,3,
58,65,2,
97,84,4,
43,26,3,
72,62,2,
97,81,1,
68,20,1,
15,58,1,
96,82,3,
38,1,3,
31,28,5,
34,26,3,
18,10,4,
114,17,5,
8,74,2,
78,92,3,
36,87,3,
63,11,2,
11,6,2,
42,53,3,
24,52,4,
109,11,5,
92,91,3,
17,10,4,
54,12,4,
54,53,5,
9,97,3,
17,81,3,
21,92,1,
2,77,2,
74,61,2,
48,33,4,
71,57,4,
47,34,5,
27,7,1,
26,19,1,
108,21,3,
93,81,5,
56,10,5,
27,10,4,
17,39,3,
6,40,2,
79,32,1,
77,90,3,
113,46,1,
113,34,5,
17,28,3,
88,90,1,
85,73,4,
77,12,2,
107,48,5,
76,88,4,
93,22,1,
7,39,5,
22,89,4,
58,95,1,
96,42,5,
89,80,4,
53,2,5,
21,64,1,
55,100,5,
110,32,2,
32,59,3,
47,56,3,
28,12,5,
81,83,4,
48,84,4,
46,94,2,
66,47,3,
34,45,4,
84,89,5,
93,25,5,
62,66,1,
53,47,4,
111,89,2,
74,26,2,
56,8,4,
30,36,4,
18,79,3,
46,11,1,
69,92,4,
43,14,4,
21,100,2,
10,40,5,
93,55,3,
29,38,4,
104,82,1,
15,38,3,
108,23,3,
65,29,5,
92,72,4,
2,83,3,
6,8,4,
12,10,3,
13,72,5,
87,27,2,
18,94,4,
104,63,5,
46,24,5,
46,99,5,
20,15,4,
92,90,3,
92,96,3,
45,45,2,
70,50,2,
101,91,1,
32,76,4,
97,82,4,
17,100,1,
6,43,5,
41,92,5,
81,99,1,
35,69,3,
71,22,5,
106,78,1,
31,97,3,
101,54,2,
61,24,4,
42,36,3,
58,98,1,
11,5,2,
18,60,5,
66,65,5,
53,68,4,
92,72,3,
32,12,1,
59,59,2,
28,78,1,
83,49,3,
28,41,5,
103,79,3,
115,45,1,
41,70,4,
90,44,5,
40,50,3,
113,12,1,
54,43,4,
29,43,1,
114,19,3,
23,36,4,
80,93,1,
65,83,3,
78,54,2,
10,19,1,
83,10,5,
6,32,4,
97,45,5,
69,64,4,
31,32,5,
69,27,5,
46,30,3,
87,49,3,
96,92,5,
94,81,1,
85,99,1,
5,35,4,
25,51,5,
85,71,5,
24,5,2,
106,60,2,
97,22,3,
28,21,4,
61,17,2,
49,95,5,
100,37,5,
93,9,1,
17,28,5,
41,41,1,
32,90,5,
69,40,3,
94,55,1,
31,25,3,
55,30,1,
48,81,2,
41,7,1,
14,94,1,
71,3,3,
5,63,1,
38,69,1,
77,58,4,
26,79,2,
53,21,5,
60,54,4,
62,21,1,
1,46,2,
95,72,1,
91,68,1,
89,44,5,
85,11,3,
24,9,1,
68,69,2,
99,1,5,
103,58,3,
88,26,3,
81,90,2,
105,98,5,
69,79,2,
57,26,2,
29,55,4,
33,100,1,
8,79,4,
39,3,2,
90,89,4,
97,92,2,
43,58,4,
113,21,5,
7,22,2,
95,69,4,
3,76,3,
108,28,1,
35,28,3,
22,83,5,
87,18,3,
63,90,1,
72,57,5,
81,47,3,
29,45,2,
108,10,2,
27,25,5,
104,10,3,
17,2,1,
85,93,1,
34,10,5,
81,51,2,
104,83,2,
27,59,4,
51,88,4,
70,25,1,
56,92,4,
112,97,1,
110,58,5,
1,58,3,
100,60,1,
48,21,2,
113,81,2,
95,94,4,
10,33,1,
21,4,2,
41,89,3,
34,37,1,
20,87,5,
26,45,5,
41,30,2,
109,16,3,
32,15,2,
63,43,1,
22,9,4,
81,47,3,
104,47,3,
71,4,3,
31,36,2,
95,17,2,
88,42,3,
4,58,3,
74,1,3,
108,73,4,
4,71,1,
69,16,3,
74,82,3,
47,94,1,
66,64,1,
37,46,4,
98,55,5,
104,37,4,
3,37,4,
74,100,2,
52,91,1,
89,76,2,
2,54,3,
67,47,1,
114,90,4,
4,4,4,
94,61,2,
66,46,1,
110,91,2,
65,15,3,
37,84,2,
31,35,4,
32,20,4,
101,43,3,
80,91,1,
3,90,3,
1,1,5,
81,40,3,
94,90,3,
109,32,3,
100,89,1,
83,57,3,
41,21,4,
77,13,2,
46,73,1,
76,39,1,
91,47,5,
48,97,4,
54,71,3,
23,78,5,
2,49,4,
62,87,4,
48,57,3,
50,67,3,
71,99,5,
97,14,4,
105,94,3,
35,1,4,
101,18,1,
61,17,4,
115,42,1,
102,24,4,
83,28,1,
15,73,5,
65,56,3,
110,18,4,
59,52,3,
65,10,3,
19,85,1,
103,39,1,
106,7,2,
85,8,5,
89,56,2,
22,63,2,
84,95,4,
110,34,1,
90,89,1,
72,55,4,
112,24,2,
61,69,2,
75,91,4,
83,2,1,
38,25,2,
80,6,5,
37,89,3,
18,32,1,
13,74,3,
84,31,2,
55,38,2,
94,60,3,
50,68,4,
54,39,2,
102,92,4,
23,63,3,
85,57,4,
101,36,3,
57,53,1,
60,86,3,
105,96,2,
33,75,5,
92,41,2,
90,21,1,
44,41,2,
9,64,1,
14,46,5,
37,52,1,
12,81,1,
106,84,2,
98,15,1,
26,71,3,
52,99,4,
21,56,1,
47,41,5,
97,28,2,
66,53,4,
104,16,5,
3,31,4,
18,31,3,
14,62,5,
77,65,1,
32,2,2,
11,9,1,
114,24,3,
80,99,3,
65,44,1,
42,64,2,
89,73,2,
57,11,4,
11,28,3,
103,5,2,
37,81,5,
82,90,1,
64,35,4,
31,88,3,
20,95,4,
24,52,1,
39,38,2,
26,25,5,
42,92,5,
78,54,3,
79,19,5,
24,44,1,
22,93,1,
85,81,1,
30,97,2,
18,75,5,
97,85,4,
20,37,3,
17,93,1,
46,89,1,
32,21,1,
74,69,1,
91,80,4,
58,81,4,
40,92,5,
69,50,2,
8,36,3,
49,68,3,
110,27,1,
39,81,5,
20,53,5,
43,77,3,
109,91,3,
98,28,4,
8,2,3,
53,33,5,
104,76,1,
34,14,1,
71,63,3,
104,30,4,
67,2,1,
97,13,5,
82,49,1,
40,21,5,
56,67,3,
92,10,2,
4,6,4,
4,96,3,
109,21,1,
33,47,5,
25,66,1,
54,93,2,
43,20,2,
67,60,4,
35,92,1,
4,20,1,
68,88,1,
107,11,5,
45,27,1,
91,94,5,
5,60,2,
89,41,1,
44,100,4,
114,96,1,
100,36,3,
42,19,1,
69,17,4,
54,9,3,
80,89,3,
57,39,1,
98,20,3,
16,39,4,
105,97,5,
8,14,2,
41,26,3,
14,91,4,
7,50,5,
88,21,2,
19,64,1,
74,97,3,
88,97,3,
27,26,1,
101,8,2,
60,22,3,
42,82,2,
78,78,1,
51,19,1,
69,93,5,
29,96,3,
4,69,3,
24,14,5,
6,55,4,
80,49,2,
41,63,4,
18,94,1,
24,11,5,
101,47,2,
101,60,3,
100,75,1,
111,90,4,
23,43,3,
97,18,1,
99,74,4,
54,21,4,
50,56,4,
53,91,4,
72,99,4,
34,63,2,
43,3,1,
85,70,1,
59,13,3,
112,22,1,
113,30,5,
105,4,5,
57,55,1,
21,63,2,
70,19,1,
111,86,5,
20,99,1,
50,29,3,
68,49,3,
29,69,1,
62,47,2,
4,29,4,
46,67,4,
44,62,2,
69,50,1,
88,75,5,
27,27,4,
103,75,1,
62,63,1,
7,98,1,
47,54,5,
21,59,3,
53,22,5,
88,66,1,
60,38,4,
67,41,2,
63,66,4,
76,23,4,
67,92,3,
4,2,3,
2,24,2,
101,100,4,
32,83,5,
65,16,3,
51,39,5,
20,94,1,
67,79,1,
27,18,1,
80,49,3,
69,90,2,
16,84,2,
36,98,4,
29,69,1,
36,65,4,
107,45,5,
13,47,1,
80,83,2,
104,78,4,
77,10,2,
9,75,2,
63,41,4,
92,31,5,
91,99,3,
61,10,2,
27,99,1,
24,75,3,
91,78,3,
2,15,5,
16,71,3,
6,20,1,
68,87,4,
8,77,4,
51,99,4,
75,46,5,
36,4,2,
70,40,3,
99,97,2,
79,89,3,
47,77,4,
27,67,4,
35,15,2,
89,59,4,
38,99,2,
25,63,1,
83,27,1,
26,59,3,
47,83,5,
93,48,4,
22,16,1,
82,59,4,
97,10,2,
47,13,4,
52,59,5,
1,80,1,
33,73,3,
68,69,4,
81,13,5,
20,16,4,
10,59,1,
4,20,2,
113,93,3,
55,71,4,
46,59,4,
80,4,3,
92,96,3,
42,18,1,
7,17,3,
68,87,5,
36,59,4,
76,94,3,
111,7,3,
72,49,4,
2,53,1,
5,53,2,
94,79,1,
47,70,1,
49,8,3,
92,26,1,
78,48,5,
101,24,3,
106,8,1,
6,47,2,
102,17,4,
53,2,4,
8,87,4,
55,11,3,
94,78,3,
43,44,4,
17,68,1,
88,32,2,
29,63,5,
59,24,5,
58,69,4,
74,85,5,
80,44,5,
50,59,2,
5,18,5,
84,94,1,
108,38,3,
35,57,2,
102,36,1,
4,13,2,
102,55,1,
34,65,3,
8,26,3,
55,100,3,
22,94,3,
27,67,1,
110,98,3,
109,64,5,
27,41,4,
8,43,4,
11,98,3,
56,54,3,
69,54,2,
22,48,3,
36,36,2,
45,65,2,
9,11,2,
17,16,2,
102,87,5,
70,60,2,
90,58,4,
39,61,1,
90,64,1,
106,19,5,
115,89,4,
13,88,4,
20,43,5,
32,12,2,
72,4,5,
109,53,3,
33,77,3,
92,76,1,
81,35,1,
107,95,3,
69,61,3,
90,13,2,
33,90,1,
105,51,3,
103,50,3,
107,95,5,
19,47,3,
74,34,1,
40,42,5,
59,2,2,
53,27,2,
47,27,3,
43,38,2,
33,30,2,
89,66,5,
101,15,4,
84,85,1,
42,49,1,
38,93,3,
110,81,3,
111,31,5,
10,54,1,
21,28,2,
104,15,4,
102,94,4,
44,34,1,
5,3,2,
70,18,5,
17,28,3,
103,39,5,
111,42,4,
12,66,5,
21,61,3,
61,89,1,
42,83,3,
20,24,5,
24,7,4,
68,8,5,
97,63,4,
27,61,4,
105,37,3,
11,39,5,
77,6,4,
113,80,5,
114,49,1,
88,79,3,
87,34,1,
36,13,1,
25,80,3,
46,26,2,
32,63,5,
22,20,5,
19,25,4,
17,9,4,
84,78,5,
54,66,1,
72,46,3,
52,89,1,
55,27,3,
73,45,3,
11,44,2,
3,45,3,
76,7,3,
4,34,4,
13,18,5,
35,100,2,
26,11,1,
100,83,4,
12,54,1,
57,87,1,
49,1,5,
13,5,2,
35,94,2,
81,1,1,
39,74,5,
24,90,3,
110,24,3,
76,23,1,
46,75,1,
52,61,1,
28,81,3,
91,6,3,
23,46,5,
113,28,1,
60,70,4,
96,54,3,
10,15,3,
26,90,3,
10,50,5,
49,47,5,
112,97,4,
88,68,1,
50,66,5,
79,18,4,
100,68,5,
22,6,1,
80,99,3,
72,46,5,
9,40,2,
74,45,4,
90,20,5,
84,100,4,
34,86,1,
113,97,1,
94,89,2,
69,63,4,
72,28,3,
32,33,4,
26,41,5,
61,49,4,
32,9,5,
44,39,2,
72,80,2,
11,94,5,
38,45,5,
10,92,3,
88,39,2,
110,29,4,
64,30,3,
1,1,5,
87,55,3,
13,55,2,
108,100,3,
87,49,1,
54,29,3,
11,68,3,
82,77,4,
104,7,1,
41,79,5,
109,14,3,
3,14,5,
34,1,3,
114,70,4,
104,66,5,
6,97,1,
57,94,2,
82,64,5,
39,90,1,
98,27,3,
115,95,2,
44,59,2,
99,24,4,
38,9,4,
103,85,4,
111,18,5,
65,3,3,
70,83,3,
18,82,1,
18,82,1,
92,98,4,
75,85,5,
78,95,1,
23,14,2,
5,27,2,
51,55,2,
34,6,3,
83,94,4,
5,23,4,
115,59,3,
92,70,2,
98,55,2,
99,49,4,
66,37,2,
95,88,5,
75,46,2,
70,89,1,
82,93,5,
50,15,3,
9,22,1,
6,19,2,
27,5,1,
39,83,1,
72,91,1,
95,93,2,
69,79,4,
22,3,3,
62,30,3,
109,25,4,
49,52,4,
45,88,1,
99,34,1,
97,7,2,
70,40,2,
52,51,4,
114,4,5,
9,37,4,
60,68,2,
103,7,1,
82,94,1,
8,81,1,
50,74,4,
13,76,4,
88,26,1,
95,18,4,
67,4,3,
109,57,1,
35,54,3,
16,37,5,
45,58,1,
43,79,5,
36,11,2,
80,76,4,
4,59,2,
36,61,2,
15,58,3,
64,76,1,
79,78,3,
48,21,2,
99,25,5,
42,81,5,
103,49,2,
79,47,3,
79,15,2,
82,53,5,
88,98,1,
41,80,2,
9,90,3,
78,8,2,
106,68,5,
20,75,2,
12,78,2,
109,17,3,
13,60,2,
70,81,1,
4,43,5,
1,20,2,
34,55,3,
94,66,3,
13,99,1,
94,51,3,
38,80,4,
82,67,2,
74,56,1,
69,90,1,
75,16,1,
80,100,5,
22,15,4,
9,14,1,
5,25,3,
20,75,3,
82,92,1,
93,7,5,
43,9,1,
102,97,1,
37,25,4,
27,92,1,
33,52,5,
64,99,3,
75,47,3,
85,29,2,
86,17,5,
21,11,5,
9,56,5,
6,65,2,
93,100,1,
4,31,1,
106,50,3,
12,78,1,
5,22,4,
44,59,5,
69,53,3,
90,10,3,
63,8,2,
38,56,3,
110,61,2,
73,33,1,
8,5,5,
20,6,2,
87,99,4,
64,87,3,
34,79,2,
85,5,5,
67,30,4,
43,59,2,
40,37,3,
10,4,4,
17,85,3,
27,3,2,
76,71,1,
55,95,3,
57,44,2,
20,77,1,
35,78,1,
39,68,4,
98,74,2,
34,32,1,
37,94,2,
33,82,4,
35,68,1,
98,73,5,
42,2,1,
41,84,3,
57,94,5,
66,75,3,
12,38,2,
99,21,3,
52,57,2,
5,17,5,
105,60,3,
98,60,3,
81,82,4,
94,44,3,
27,38,1,
44,41,3,
44,36,3,
52,39,4,
1,43,1,
54,6,5,
101,52,1,
63,33,1,
15,77,4,
75,37,3,
42,30,1,
46,63,1,
77,9,4,
104,29,2,
99,37,4,
106,53,4,
53,34,1,
72,58,4,
60,33,5,
99,18,5,
94,8,2,
9,10,3,
81,65,2,
23,71,4,
48,66,5,
1,47,2,
14,73,2,
102,37,5,
28,76,4,
8,53,3,
105,87,1,
88,100,2,
105,61,3,
104,19,5,
46,7,5,
19,63,4,
31,81,3,
61,47,5,
85,94,5,
94,73,1,
23,44,4,
11,2,4,
60,51,3,
6,49,2,
1,61,4,
81,44,3,
112,42,1,
96,74,5,
32,18,4,
37,42,2,
11,97,3,
87,52,2,
42,81,5,
18,97,5,
72,100,5,
10,75,4,
115,97,1,
64,80,3,
102,92,2,
25,21,3,
26,79,4,
37,18,4,
74,97,3,
35,37,1,
29,92,3,
9,38,2,
24,100,2,
58,62,5,
112,36,2,
87,24,3,
35,27,4,
19,48,2,
95,59,3,
55,34,1,
11,65,5,
110,61,4,
81,59,1,
21,63,1,
68,37,2,
111,77,1,
17,43,5,
29,34,1,
100,29,1,
4,10,5,
10,68,1,
102,90,3,
16,37,2,
23,14,2,
71,49,2,
69,98,5,
53,43,1,
60,23,1,
14,8,1,
77,74,1,
56,87,1,
70,92,4,
39,44,5,
32,41,1,
37,31,1,
2,11,3,
19,17,4,
107,36,1,
34,3,5,
94,81,5,
22,88,4,
63,11,3,
32,25,3,
102,47,1,
60,32,3,
24,21,2,
48,29,2,
47,43,5,
111,69,5,
61,14,4,
11,24,3,
54,10,4,
101,15,5,
100,37,5,
51,67,2,
87,3,5,
84,97,5,
42,14,2,
31,54,1,
62,89,1,
38,18,4,
105,20,3,
80,89,2,
44,12,1,
33,66,2,
36,67,4,
34,6,4,
80,17,2,
79,3,4,
39,71,4,
77,77,2,
100,19,4,
87,67,2,
29,31,5,
50,100,1,
34,75,1,
84,90,1,
19,4,5,
71,16,4,
52,47,5,
57,6,2,
30,15,2,
62,15,2,
3,47,3,
1,60,1,
89,23,1,
57,56,4,
29,76,3,
106,100,5,
72,70,3,
15,83,3,
80,35,4,
42,15,2,
78,78,2,
47,84,4,
111,13,5,
93,26,1,
56,50,4,
114,68,5,
47,71,3,
100,63,3,
13,32,1,
90,82,2,
48,40,5,
48,92,3,
90,37,1,
114,83,2,
104,42,2,
77,54,4,
91,54,1,
26,40,1,
23,55,3,
113,58,1,
56,42,2,
19,82,3,
24,54,5,
11,16,2,
107,26,5,
75,77,2,
87,80,2,
108,99,2,
4,93,2,
36,51,2,
57,19,4,
8,6,4,
75,87,4,
108,76,1,
47,41,2,
37,39,4,
21,26,5,
42,73,4,
96,23,2,
89,85,5,
15,41,1,
38,2,3,
7,21,2,
82,88,3,
8,5,4,
112,93,1,
108,71,1,
39,63,3,
105,8,1,
37,95,1,
72,73,5,
48,9,4,
78,87,1,
6,22,3,
82,66,5,
76,58,3,
81,96,4,
28,77,2,
112,23,2,
94,70,4,
93,3,4,
73,10,3,
105,51,2,
87,84,1,
90,74,2,
42,69,5,
100,69,1,
29,27,1,
47,95,4,
10,47,2,
72,52,3,
40,76,3,
109,99,3,
112,33,2,
16,91,1,
10,2,4,
61,50,5,
35,74,2,
31,6,1,
90,21,1,
31,97,2,
58,66,4,
73,85,5,
25,29,1,
23,31,3,
111,19,3,
98,11,4,
24,47,2,
36,77,2,
45,2,4,
91,67,1,
55,45,3,
31,17,1,
67,60,3,
80,34,4,
109,5,5,
103,36,3,
10,72,5,
95,40,1,
63,21,2,
30,99,3,
94,91,1,
99,17,4,
86,56,1,
38,14,2,
104,65,4,
45,35,5,
5,45,2,
103,57,4,
34,34,3,
59,78,3,
30,5,5,
82,23,2,
7,64,1,
75,51,4,
84,85,1,
30,79,4,
17,70,1,
1,61,1,
28,46,2,
54,82,4,
43,84,1,
66,3,4,
47,45,2,
108,62,4,
67,100,2,
78,28,5,
52,3,3,
18,87,3,
18,61,5,
22,76,4,
21,6,4,
83,57,2,
11,48,2,
111,73,1,
26,60,3,
52,98,4,
112,2,3,
6,33,5,
37,26,1,
104,82,5,
57,80,1,
27,10,5,
10,72,3,
34,91,4,
65,52,1,
85,30,5,
27,92,5,
83,20,3,
43,61,1,
5,37,4,
63,51,1,
24,56,3,
66,21,4,
19,50,4,
92,66,2,
54,11,3,
16,93,3,
76,83,3,
19,62,5,
73,20,1,
108,94,4,
95,56,2,
101,26,3,
10,60,2,
59,59,3,
49,61,2,
35,41,1,
95,57,1,
107,90,1,
19,45,2,
31,37,1,
52,70,3,
82,72,4,
42,78,1,
113,69,2,
94,37,2,
82,24,4,
23,7,3,
27,82,1,
25,22,1,
47,41,2,
43,1,1,
110,82,3,
3,17,3,
100,32,1,
57,11,4,
59,48,3,
99,82,1,
39,96,5,
21,52,1,
114,15,3,
83,77,5,
81,58,5,
88,47,4,
97,94,5,
18,64,3,
91,35,3,
54,40,5,
26,43,4,
87,5,2,
43,62,1,
52,72,3,
27,46,5,
5,67,5,
11,43,4,
103,5,1,
107,60,2,
113,74,3,
23,63,5,
107,58,5,
85,93,2,
50,92,2,
3,61,4,
45,55,1,
28,7,2,
39,52,1,
18,83,4,
13,17,3,
50,67,2,
84,84,1,
40,61,2,
46,46,3,
111,90,5,
72,56,5,
61,57,5,
3,22,2,
52,50,2,
60,81,2,
9,10,4,
75,99,4,
54,57,2,
17,92,4,
115,62,4,
29,5,3,
113,10,5,
109,63,1,
111,93,4,
81,43,5,
12,91,3,
46,34,2,
39,69,5,
49,59,2,
114,67,4,
113,59,4,
34,31,3,
26,14,1,
53,95,1,
33,5,3,
109,27,5,
77,32,2,
75,46,2,
94,13,5,
36,60,5,
30,47,2,
103,50,2,
25,2,1,
78,42,4,
75,62,2,
7,59,4,
22,15,4,
41,82,4,
98,69,4,
4,14,3,
74,40,1,
52,19,5,
14,47,3,
83,85,5,
56,93,2,
65,65,4,
26,87,3,
75,61,1,
72,64,4,
75,9,4,
4,3,1,
29,57,2,
73,61,1,
98,50,2,
43,69,2,
10,55,5,
69,72,5,
4,8,3,
101,95,4,
36,39,3,
66,91,5,
22,35,2,
48,13,3,
2,74,2,
115,87,1,
75,43,4,
93,81,3,
82,57,5,
80,75,1,
87,70,3,
20,19,1,
92,12,3,
9,63,3,
55,33,4,
58,6,3,
79,78,4,
58,52,5,
46,27,1,
54,89,4,
6,81,1,
103,76,1,
24,30,3,
97,83,5,
87,26,2,
89,71,4,
54,63,5,
90,19,2,
70,96,3,
66,16,5,
109,73,2,
2,71,1,
93,42,1,
87,93,1,
65,56,3,
108,39,1,
101,46,4,
73,79,4,
51,60,4,
38,20,5,
54,89,3,
66,87,4,
89,18,1,
44,52,5,
87,5,3,
10,32,3,
51,100,2,
8,39,3,
33,74,3,
81,35,2,
63,54,5,
107,68,3,
85,89,5,
3,88,5,
86,58,3,
4,38,1,
92,48,2,
31,52,1,
37,32,1,
70,75,1,
39,40,5,
103,47,2,
65,22,1,
99,81,5,
77,69,1,
83,65,4,
11,31,4,
102,18,5,
42,37,5,
2,46,4,
64,40,3,
13,71,1,
100,80,3,
19,2,1,
111,94,3,
63,38,1,
27,28,1,
47,60,3,
74,12,5,
79,70,1,
40,34,4,
110,47,2,
28,10,5,
114,64,1,
102,49,4,
100,39,5,
31,70,3,
2,55,1,
15,100,2,
104,96,4,
41,87,2,
62,55,5,
9,12,3,
23,45,3,
108,76,2,
34,22,5,
17,82,3,
34,40,1,
82,83,2,
105,87,2,
65,16,1,
4,17,5,
59,51,2,
100,72,2,
34,19,3,
43,55,4,
71,58,1,
2,27,2,
60,12,1,
5,2,3,
10,19,4,
114,87,4,
6,29,5,
17,49,2,
32,3,3,
7,61,4,
16,36,1,
104,10,5,
108,71,3,
17,37,5,
47,47,3,
93,40,4,
101,96,3,
44,48,5,
62,66,4,
72,9,5,
56,56,2,
74,86,1,
1,20,4,
106,47,4,
49,62,4,
72,90,2,
66,33,2,
74,50,3,
24,91,3,
68,53,2,
105,82,5,
8,93,3,
3,83,5,
1,14,2,
65,28,2,
21,23,5,
48,21,1,
5,15,3,
1,96,1,
50,33,1,
90,19,3,
47,98,1,
12,77,5,
99,16,3,
2,13,2,
104,8,1,
8,40,2,
11,8,3,
96,9,3,
42,34,1,
97,66,3,
54,13,1,
101,98,3,
49,47,2,
113,26,1,
42,83,4,
46,65,3,
60,96,4,
27,90,2,
110,14,2,
19,54,1,
66,60,5,
98,87,4,
12,28,5,
88,100,2,
15,80,5,
25,98,1,
87,6,4,
47,65,5,
88,83,5,
16,15,2,
63,85,3,
49,60,5,
27,22,4,
91,2,1,
26,79,1,
71,20,4,
97,100,5,
13,98,5,
47,97,5,
95,11,4,
36,20,4,
3,52,1,
55,97,3,
37,19,3,
78,47,4,
58,7,3,
93,68,1,
56,23,4,
95,81,1,
22,19,3,
90,71,1,
37,74,5,
45,91,5,
90,28,4,
104,78,3,
70,49,4,
63,88,3,
114,91,2,
14,59,5,
22,99,5,
94,90,2,
60,14,5,
78,62,5,
34,4,4,
111,98,4,
1,30,5,
63,2,4,
27,94,1,
2,86,4,
58,75,5,
72,16,4,
22,90,4,
57,82,4,
84,58,4,
95,83,4,
72,21,3,
96,63,5,
24,17,2,
90,94,3,
72,1,2,
114,21,4,
96,97,4,
62,60,4,
73,20,1,
15,33,5,
25,83,1,
114,25,5,
30,6,5,
112,13,2,
2,21,2,
60,56,5,
51,51,1,
112,4,5,
67,46,1,
78,61,3,
104,48,2,
79,59,3,
88,7,2,
95,26,2,
82,16,3,
65,38,5,
111,58,2,
18,17,4,
85,62,5,
2,67,4,
4,28,3,
92,47,2,
52,15,1,
111,31,3,
103,44,4,
24,63,2,
29,75,5,
81,40,4,
14,52,1,
83,86,1,
2,78,1,
5,63,1,
41,97,1,
109,49,2,
73,38,2,
5,3,3,
26,83,2,
16,83,2,
104,24,5,
4,46,5,
24,19,2,
55,86,5,
115,71,3,
58,37,2,
54,74,4,
23,13,1,
24,12,3,
1,38,5,
87,25,5,
43,18,2,
30,67,5,
32,59,3,
37,33,3,
33,60,5,
77,47,3,
84,87,5,
55,45,3,
111,62,5,
54,4,4,
35,86,1,
36,44,5,
58,7,4,
42,51,1,
65,23,1,
52,64,5,
55,32,2,
98,11,2,
41,42,2,
82,25,3,
36,86,4,
92,44,3,
21,51,5,
38,61,1,
70,85,4,
15,67,2,
52,96,2,
47,17,4,
65,18,1,
30,30,4,
42,91,5,
76,9,3,
85,34,4,
115,57,5,
106,60,4,
51,54,4,
99,9,2,
41,11,5,
47,78,4,
78,79,3,
40,41,1,
44,13,3,
76,22,4,
17,34,1,
73,20,1,
54,97,4,
83,38,4,
70,19,2,
72,54,5,
76,70,2,
7,58,5,
37,49,5,
98,83,1,
110,56,4,
107,21,5,
105,25,3,
86,17,4,
39,64,5,
80,10,5,
58,69,3,
29,1,3,
11,72,3,
58,14,1,
37,80,2,
10,8,5,
32,20,1,
97,66,4,
76,27,4,
22,11,2,
90,83,3,
82,80,5,
19,100,3,
6,78,5,
70,14,5,
30,53,2,
85,26,4,
108,82,2,
32,13,2,
67,7,1,
18,100,1,
49,35,2,
9,57,4,
98,38,5,
18,12,4,
108,20,5,
110,82,1,
105,66,4,
52,33,4,
55,24,4,
13,84,1,
76,88,3,
62,69,4,
27,69,5,
99,63,1,
108,25,3,
45,100,3,
74,74,2,
29,12,1,
21,20,5,
3,99,1,
84,82,5,
108,88,5,
11,93,2,
30,62,2,
51,57,2,
78,58,5,
54,58,3,
39,81,5,
83,2,5,
96,13,5,
25,14,2,
52,4,2,
95,27,3,
14,10,1,
1,32,2,
14,92,3,
52,2,4,
38,86,2,
42,68,5,
19,8,1,
75,1,5,
72,46,4,
53,51,4,
38,4,5,
63,52,4,
89,78,3,
115,69,3,
8,73,3,
107,71,1,
103,30,1,
109,37,4,
89,45,4,
68,51,3,
115,66,3,
41,76,5,
58,47,1,
72,30,4,
24,40,3,
42,75,4,
16,54,5,
45,85,2,
89,11,2,
96,1,4,
76,41,5,
113,80,1,
97,49,5,
80,57,3,
21,28,2,
45,85,5,
107,70,1,
67,53,3,
84,65,5,
42,43,4,
51,60,4,
110,52,5,
41,8,2,
37,5,1,
53,45,3,
94,19,5,
110,56,2,
68,92,3,
5,94,5,
31,33,5,
29,100,4,
7,88,3,
39,13,5,
114,65,4,
69,47,3,
105,99,5,
21,8,3,
112,51,4,
54,54,2,
83,15,3,
43,79,5,
32,59,1,
59,84,5,
109,51,4,
58,29,5,
40,95,2,
100,64,3,
51,18,4,
103,65,5,
59,83,5,
12,58,1,
91,43,4,
49,20,1,
68,42,3,
91,44,2,
91,81,5,
96,84,1,
54,86,3,
80,81,2,
21,50,3,
114,85,2,
38,94,5,
112,88,2,
64,62,4,
80,82,3,
107,34,4,
58,47,5,
104,21,1,
114,95,2,
52,70,4,
44,81,5,
43,62,2,
80,32,2,
28,84,3,
21,83,4,
56,1,3,
9,40,1,
90,24,5,
55,79,4,
31,48,4,
71,75,3,
41,59,1,
34,25,5,
75,4,4,
42,56,4,
1,54,4,
23,75,4,
74,59,2,
42,28,5,
4,19,5,
93,22,2,
107,44,2,
31,47,5,
73,30,2,
56,44,4,
103,73,1,
28,77,2,
16,46,5,
107,11,5,
105,100,2,
20,6,5,
81,22,3,
76,62,1,
18,54,1,
114,57,2,
17,37,4,
35,54,5,
29,56,4,
16,5,3,
19,12,1,
36,7,5,
20,48,4,
54,81,5,
83,78,5,
45,51,3,
35,61,4,
5,59,1,
95,46,3,
62,8,3,
21,86,3,
32,24,2,
95,14,1,
74,84,4,
88,57,1,
32,74,3,
75,83,5,
24,71,5,
110,73,5,
9,9,4,
81,77,2,
47,98,4,
8,68,3,
56,70,4,
3,8,4,
86,16,4,
97,66,5,
42,36,1,
108,51,1,
67,48,3,
65,72,1,
63,82,2,
7,44,5,
30,100,1,
79,78,4,
17,51,5,
81,78,1,
63,17,5,
24,64,1,
28,8,5,
99,96,3,
51,26,1,
33,9,4,
28,47,3,
80,27,2,
26,20,5,
20,11,5,
62,43,5,
86,7,2,
17,53,5,
87,58,3,
111,60,2,
29,44,3,
28,79,5,
49,5,4,
57,64,4,
111,70,4,
38,11,1,
13,72,4,
83,91,1,
13,28,4,
77,42,1,
30,88,5,
58,57,4,
38,3,2,
85,71,4,
22,72,5,
112,41,4,
16,67,4,
61,84,2,
79,25,2,
81,73,4,
105,25,1,
6,11,1,
35,43,3,
55,45,3,
114,16,5,
106,98,4,
10,4,3,
73,77,3,
109,73,1,
2,50,4,
62,29,1,
52,57,5,
108,30,5,
97,54,2,
33,44,2,
45,51,3,
91,86,4,
82,3,4,
33,65,5,
94,39,3,
100,60,1,
26,73,1,
82,91,2,
25,76,2,
33,100,5,
95,38,2,
8,99,3,
27,6,5,
30,56,2,
110,79,5,
44,4,3,
24,87,3,
77,66,1,
24,68,1,
111,65,2,
71,47,5,
60,60,5,
92,64,5,
114,57,3,
60,33,3,
30,84,3,
68,65,4,
56,8,5,
1,77,5,
80,28,1,
80,68,3,
83,14,4,
61,64,5,
47,46,1,
39,95,1,
14,6,3,
9,44,1,
110,15,4,
21,39,1,
26,33,5,
91,100,2,
99,44,1,
83,50,5,
20,66,2,
111,57,5,
99,36,2,
100,84,2,
110,13,5,
66,78,2,
85,11,3,
64,86,5,
105,79,3,
13,61,4,
60,19,4,
114,14,2,
84,43,4,
46,95,2,
115,61,5,
79,53,1,
1,91,4,
55,30,1,
91,55,3,
113,35,2,
94,10,5,
31,48,5,
4,5,2,
26,34,4,
37,86,1,
75,35,1,
77,80,4,
3,74,1,
34,92,3,
108,3,4,
5,15,3,
93,35,1,
45,51,1,
103,2,5,
30,65,5,
21,87,2,
11,18,5,
84,40,1,
82,100,1,
65,99,3,
15,37,3,
70,52,2,
73,64,4,
1,61,1,
69,48,5,
58,12,5,
43,68,4,
43,46,1,
68,48,1,
69,57,5,
67,45,3,
15,72,2,
43,4,1,
21,21,1,
89,58,4,
10,81,1,
104,21,3,
71,23,4,
97,59,2,
25,7,2,
52,85,1,
7,50,1,
82,83,2,
9,57,4,
6,41,1,
53,95,5,
103,63,3,
25,77,2,
21,81,5,
77,19,1,
67,58,2,
57,37,3,
56,29,1,
29,74,1,
14,21,1,
15,98,2,
93,23,5,
30,35,2,
46,32,3,
100,50,1,
33,6,4,
103,51,3,
115,57,1,
42,3,3,
81,72,2,
39,39,2,
79,26,2,
77,97,2,
102,51,3,
17,32,5,
100,48,4,
76,91,4,
16,31,1,
11,37,3,
39,11,3,
32,85,1,
96,21,3,
88,42,1,
21,16,3,
93,4,4,
83,7,2,
98,39,5,
79,57,2,
110,55,1,
31,100,3,
70,30,5,
103,81,2,
102,22,5,
23,54,1,
47,100,3,
7,87,2,
43,33,3,
20,84,3,
78,94,2,
73,27,1,
56,36,4,
11,51,2,
27,44,5,
6,69,4,
58,38,1,
111,30,3,
83,32,5,
13,2,4,
3,28,4,
66,44,4,
10,7,3,
93,71,1,
47,62,3,
113,11,3,
98,47,2,
36,57,4,
60,37,5,
1,98,2,
112,46,4,
83,20,2,
61,2,3,
28,53,1,
103,30,2,
82,1,3,
36,83,5,
102,70,3,
94,27,2,
80,89,2,
102,98,2,
33,88,4,
70,60,2,
88,44,5,
84,83,5,
13,95,2,
1,46,1,
77,92,4,
55,90,1,
65,87,4,
77,8,4,
76,9,4,
4,10,2,
14,25,2,
46,88,3,
110,98,5,
36,66,3,
71,8,3,
63,90,4,
72,47,3,
100,72,3,
16,40,3,
94,61,3,
41,68,5,
88,4,1,
59,97,4,
35,46,3,
70,17,2,
18,27,1,
55,54,2,
54,50,5,
45,12,4,
2,43,1,
87,79,2,
2,89,1,
69,72,3,
54,77,4,
64,99,5,
96,85,4,
17,32,1,
60,28,5,
75,1,5,
54,83,4,
37,60,5,
4,77,3,
3,57,3,
63,31,5,
81,21,2,
35,56,2,
92,96,5,
70,35,1,
23,50,4,
23,20,4,
63,87,3,
81,25,1,
65,6,1,
63,73,1,
36,28,4,
30,70,5,
28,23,3,
73,23,2,
100,85,5,
101,39,5,
52,33,4,
94,87,3,
98,22,1,
1,83,2,
89,72,2,
83,65,1,
92,49,4,
78,36,5,
11,46,5,
75,40,5,
105,14,1,
48,36,5,
73,30,3,
2,21,1,
36,49,4,
19,95,4,
17,52,1,
77,50,1,
13,9,1,
8,23,2,
23,15,1,
111,85,4,
46,87,2,
75,49,3,
18,97,4,
31,14,1,
82,91,1,
72,22,4,
25,81,4,
26,76,4,
31,8,2,
10,84,5,
114,47,3,
87,37,4,
65,25,5,
111,25,1,
52,35,2,
18,11,5,
62,45,4,
57,37,3,
98,98,5,
87,5,4,
85,39,3,
29,74,3,
43,81,1,
14,85,5,
82,71,2,
64,42,2,
106,74,5,
13,86,1,
63,85,1,
104,80,4,
60,95,3,
36,35,5,
69,33,1,
32,34,4,
112,1,4,
42,78,2,
108,9,4,
69,94,3,
48,53,4,
107,91,3,
82,16,1,
74,30,1,
79,84,5,
7,28,4,
86,17,4,
18,14,4,
40,51,1,
79,51,4,
72,58,2,
90,18,1,
112,65,4,
12,31,2,
30,8,1,
20,6,1,
53,96,1,
57,40,1,
35,68,4,
89,58,1,
24,3,4,
76,39,2,
85,43,4,
58,92,2,
84,93,5,
76,97,4,
28,35,1,
41,81,1,
38,63,5,
73,82,5,
52,43,2,
94,86,3,
19,99,2,
72,37,1,
101,11,4,
4,85,4,
79,55,2,
42,34,4,
2,37,5,
71,3,4,
35,16,1,
50,1,5,
69,34,2,
15,40,1,
98,64,4,
23,11,4,
21,97,2,
40,7,1,
73,5,2,
25,79,1,
60,32,4,
66,67,1,
85,17,5,
25,9,3,
83,35,1,
114,1,4,
10,97,1,
2,39,5,
78,95,2,
61,87,2,
66,21,1,
33,91,2,
15,2,3,
56,21,1,
60,14,2,
65,90,4,
6,6,2,
63,57,3,
54,18,5,
70,41,5,
53,87,3,
56,1,3,
82,25,3,
28,39,3,
1,84,5,
103,71,3,
51,90,4,
62,73,5,
19,47,2,
36,14,2,
49,85,5,
109,12,2,
53,5,2,
69,46,2,
77,11,1,
98,93,3,
35,88,3,
21,54,1,
64,39,1,
57,59,4,
111,90,4,
64,27,4,
65,46,3,
9,85,5,
113,26,3,
18,76,3,
17,66,4,
23,92,1,
11,2,2,
29,88,3,
91,17,5,
34,92,4,
53,85,3,
92,31,4,
27,99,2,
37,71,5,
33,37,5,
92,3,2,
75,53,4,
100,99,1,
94,14,2,
18,63,2,
105,51,1,
71,88,5,
42,4,1,
88,77,1,
48,55,5,
18,6,5,
66,91,1,
58,75,2,
107,33,5,
111,46,4,
43,61,1,
91,39,1,
52,39,5,
73,77,5,
2,14,4,
45,29,3,
23,37,2,
90,79,3,
104,59,1,
60,94,4,
62,29,3,
86,28,1,
19,22,3,
25,65,5,
27,27,2,
35,78,2,
91,8,2,
88,19,5,
48,100,4,
92,46,4,
97,74,1,
114,88,1,
44,29,4,
36,62,3,
108,26,2,
34,11,5,
8,82,2,
5,84,1,
47,20,2,
79,24,4,
28,20,5,
90,88,4,
82,48,3,
26,10,5,
38,60,4,
95,48,5,
81,69,2,
46,27,4,
78,34,4,
114,53,2,
37,92,3,
112,74,5,
31,80,1,
29,30,5,
26,50,4,
19,35,5,
77,68,5,
56,54,4,
54,55,4,
48,15,3,
79,31,4,
61,94,2,
79,98,4,
111,33,2,
108,38,4,
77,8,5,
61,12,1,
17,71,3,
41,12,2,
32,12,1,
107,99,1,
11,43,4,
31,23,4,
68,59,1,
19,55,4,
20,12,5,
96,50,5,
44,40,4,
25,78,2,
67,47,1,
26,15,2,
98,83,4,
21,22,2,
70,93,2,
61,99,2,
17,17,4,
41,4,1,
9,3,4,
85,5,4,
86,57,5,
30,95,5,
37,4,1,
64,94,1,
114,80,2,
105,6,5,
46,2,1,
64,35,2,
44,97,5,
9,12,3,
24,77,2,
14,2,5,
42,21,5,
9,94,4,
33,87,3,
87,87,2,
94,20,1,
103,6,1,
74,72,5,
8,8,2,
8,49,1,
104,4,1,
20,93,3,
39,4,5,
113,23,1,
38,37,4,
90,86,1,
45,14,3,
88,6,3,
42,93,2,
45,80,4,
94,53,3,
88,59,2,
11,81,4,
64,20,3,
46,31,2,
47,17,2,
2,54,4,
5,79,1,
37,14,3,
44,42,5,
36,84,1,
17,61,2,
70,42,5,
51,33,4,
64,10,2,
98,69,3,
114,87,4,
104,31,4,
39,90,3,
66,33,4,
14,92,2,
106,66,4,
59,62,4,
21,84,5,
14,72,3,
21,20,5,
102,65,3,
85,39,1,
43,43,3,
21,38,4,
87,55,3,
21,59,3,
39,13,4,
115,50,4,
15,78,3,
26,79,4,
6,80,3,
48,17,3,
29,92,2,
42,74,1,
98,95,5,
33,71,5,
78,61,4,
42,97,1,
111,73,5,
61,8,4,
48,81,1,
92,73,3,
66,80,3,
34,18,1,
87,44,1,
22,92,5,
26,82,1,
30,19,2,
88,8,5,
49,45,1,
23,88,4,
109,13,4,
68,32,4,
108,44,2,
19,55,4,
17,65,4,
21,63,3,
111,25,3,
31,95,4,
83,86,5,
83,8,5,
5,88,2,
105,20,1,
83,43,5,
29,9,1,
70,35,3,
82,72,3,
109,11,4,
56,76,3,
71,15,5,
3,49,2,
43,55,2,
86,53,1,
97,6,2,
77,71,3,
5,37,3,
113,94,1,
17,55,3,
66,21,3,
78,28,1,
71,5,3,
28,35,4,
32,15,1,
32,11,2,
91,92,5,
4,22,4,
11,37,5,
12,47,3,
50,45,3,
74,82,4,
70,26,2,
7,65,1,
92,4,3,
31,44,4,
58,67,4,
88,22,4,
57,20,1,
57,57,5,
60,75,4,
102,89,5,
38,75,5,
53,94,3,
14,85,4,
53,28,1,
86,26,5,
45,75,3,
80,48,5,
45,37,1,
44,80,3,
92,68,4,
35,55,5,
75,57,1,
70,35,2,
3,84,3,
96,30,2,
34,13,1,
86,21,4,
108,10,4,
30,44,2,
37,83,3,
75,56,2,
68,61,2,
46,55,2,
101,41,4,
36,48,3,
105,30,4,
11,59,1,
15,80,1,
57,74,2,
51,11,4,
49,95,3,
13,45,4,
11,34,3,
23,38,2,
13,93,5,
47,29,4,
109,92,3,
14,6,3,
53,39,2,
86,39,3,
85,34,4,
40,38,4,
104,56,2,
60,42,1,
23,66,2,
30,93,1,
80,67,4,
66,47,1,
85,78,3,
73,25,4,
36,55,4,
108,48,1,
74,8,1,
85,50,4,
113,39,5,
114,40,2,
91,71,1,
5,5,1,
63,62,4,
29,72,5,
63,27,5,
53,79,5,
28,85,4,
73,45,1,
59,30,2,
83,79,3,
99,33,4,
55,16,4,
5,56,4,
33,89,1,
27,96,3,
19,19,1,
55,14,4,
103,35,2,
30,61,1,
36,70,3,
35,81,5,
88,47,1,
25,94,3,
8,72,4,
100,58,2,
101,50,4,
81,80,2,
97,99,4,
6,34,1,
91,73,5,
112,22,3,
50,33,3,
46,31,3,
46,68,5,
56,31,1,
45,15,2,
100,17,5,
3,43,5,
86,55,4,
79,100,5,
113,83,1,
51,73,3,
48,24,2,
99,6,5,
10,61,2,
50,66,2,
2,18,3,
38,63,1,
78,33,2,
67,30,2,
106,67,2,
35,88,4,
28,24,5,
37,43,5,
33,71,3,
48,92,4,
88,5,1,
52,63,3,
89,62,1,
67,68,3,
52,99,1,
109,54,3,
23,28,2,
65,17,2,
106,37,1,
16,21,4,
106,19,1,
87,80,3,
110,6,3,
50,27,1,
115,98,3,
46,40,4,
13,93,3,
93,13,3,
102,22,4,
74,63,3,
43,21,5,
36,87,1,
90,40,5,
65,97,3,
25,89,2,
85,76,2,
21,1,4,
51,80,2,
58,50,1,
40,22,2,
71,87,5,
71,46,3,
24,72,4,
27,41,5,
106,92,3,
6,91,1,
34,58,4,
112,54,2,
111,91,5,
59,1,2,
2,21,2,
93,99,4,
48,94,2,
34,48,1,
98,41,2,
57,28,2,
56,63,1,
42,62,1,
67,89,3,
32,80,4,
20,40,1,
11,99,4,
58,18,4,
113,79,1,
57,16,5,
84,63,3,
49,30,1,
74,97,4,
103,38,4,
75,60,1,
8,79,5,
99,46,2,
54,66,2,
94,66,3,
11,29,2,
11,59,1,
24,69,3,
20,61,2,
63,85,3,
63,40,3,
54,67,2,
87,57,3,
112,40,2,
106,31,1,
6,54,5,
76,34,1,
49,83,3,
13,24,5,
73,24,2,
107,86,1,
103,34,3,
50,30,1,
8,8,2,
41,24,5,
68,95,5,
39,98,5,
5,43,4,
40,65,5,
24,21,2,
27,83,3,
94,83,5,
10,6,1,
92,89,4,
63,37,4,
71,41,3,
58,38,4,
107,75,2,
55,2,4,
5,99,3,
78,99,1,
31,17,1,
96,92,1,
84,62,1,
56,68,2,
114,63,5,
74,42,4,
86,9,3,
43,18,5,
52,33,2,
68,11,3,
90,99,4,
48,54,1,
8,71,2,
113,98,1,
106,61,5,
112,79,3,
62,77,1,
110,95,1,
92,85,2,
97,57,3,
79,89,5,
28,71,5,
59,13,3,
53,30,4,
8,28,1,
95,17,5,
42,48,1,
100,76,2,
52,95,1,
60,85,2,
34,11,5,
112,56,2,
77,39,1,
47,16,2,
91,88,5,
49,86,4,
13,59,1,
79,97,1,
23,40,4,
67,48,3,
108,25,2,
58,13,5,
107,5,1,
49,10,5,
76,47,2,
112,70,2,
86,75,5,
111,18,2,
10,81,5,
81,3,4,
100,50,2,
16,50,1,
9,85,2,
91,38,5,
23,41,3,
84,30,2,
35,81,5,
73,4,1,
42,93,4,
98,54,4,
96,53,2,
100,58,2,
17,23,4,
36,7,2,
87,45,1,
95,74,1,
54,80,2,
3,66,5,
78,79,1,
6,27,5,
105,47,5,
49,65,2,
62,24,5,
1,8,2,
74,87,4,
88,42,1,
64,18,3,
4,96,4,
61,42,1,
46,27,2,
21,8,5,
68,26,1,
66,91,3,
41,31,1,
40,10,5,
23,92,1,
105,88,1,
50,56,3,
100,98,3,
76,53,3,
77,31,3,
61,55,2,
84,10,5,
42,7,4,
4,8,5,
8,80,1,
86,65,5,
100,86,1,
45,31,2,
83,8,5,
69,94,5,
112,44,2,
29,92,1,
51,53,4,
95,40,3,
115,86,3,
84,75,2,
22,86,2,
32,61,1,
53,39,1,
114,84,1,
67,3,5,
111,87,5,
42,4,4,
95,15,5,
109,93,2,
113,1,1,
111,27,5,
112,77,3,
38,65,1,
15,27,4,
29,74,5,
54,70,4,
22,27,5,
82,75,1,
13,44,2,
69,43,4,
97,54,4,
28,73,1,
58,88,4,
97,68,5,
93,91,1,
91,12,4,
37,88,1,
45,34,5,
14,100,3,
30,47,1,
26,50,4,
26,13,4,
3,35,2,
106,64,3,
88,11,4,
3,78,2,
4,23,2,
4,53,2,
80,42,3,
87,94,4,
65,10,5,
5,37,4,
59,26,1,
52,11,5,
57,53,2,
81,51,1,
38,77,4,
42,23,2,
73,3,5,
1,81,5,
111,58,4,
103,84,4,
106,22,4,
19,47,4,
46,100,3,
84,94,1,
106,47,4,
83,35,5,
46,98,4,
11,92,2,
10,84,5,
35,81,1,
28,16,4,
95,51,1,
77,64,4,
106,63,2,
35,58,4,
27,84,2,
113,100,2,
112,63,3,
73,35,3,
59,55,3,
71,56,4,
92,19,1,
63,94,5,
115,1,3,
32,12,3,
57,66,3,
62,48,1,
8,1,1,
14,47,1,
3,42,2,
58,61,4,
15,35,3,
34,67,5,
7,61,2,
53,4,5,
20,13,1,
1,79,4,
75,96,5,
11,9,5,
55,92,5,
74,10,5,
80,76,3,
96,21,2,
18,54,5,
60,72,1,
101,48,5,
52,4,3,
80,61,5,
8,33,3,
23,29,3,
44,71,5,
17,78,4,
50,32,5,
92,76,5,
102,57,5,
28,37,3,
10,16,4,
105,69,3,
39,14,2,
99,75,1,
28,13,4,
13,45,4,
63,9,1,
105,10,2,
114,8,1,
52,57,4,
76,99,2,
60,65,4,
62,74,3,
21,71,1,
82,66,1,
33,69,5,
17,76,5,
83,11,1,
115,75,5,
6,62,4,
57,34,2,
59,83,4,
5,100,2,
88,14,3,
92,49,2,
79,5,4,
111,42,2,
11,68,3,
85,81,2,
74,17,3,
107,8,1,
75,4,4,
5,18,1,
64,10,2,
20,96,5,
8,39,5,
26,93,3,
11,28,1,
30,43,1,
109,75,5,
20,14,2,
51,21,3,
70,67,2,
77,47,1,
70,26,4,
85,15,2,
23,21,3,
44,19,1,
97,94,4,
10,22,5,
103,99,4,
114,74,5,
30,68,4,
82,29,5,
48,27,4,
6,14,1,
8,21,1,
83,40,2,
20,55,3,
99,74,5,
96,78,2,
98,64,3,
97,50,4,
107,71,4,
42,36,2,
34,53,1,
39,96,5,
23,69,3,
38,27,2,
55,8,3,
42,65,1,
61,88,5,
102,85,2,
42,87,3,
44,61,1,
82,92,4,
36,82,5,
37,21,5,
12,99,3,
72,11,5,
6,35,3,
103,32,1,
34,61,4,
29,58,5,
19,84,5,
43,48,5,
29,86,4,
30,96,5,
79,42,1,
20,35,4,
27,61,3,
28,41,5,
11,58,4,
82,86,4,
9,63,5,
46,62,4,
47,21,3,
29,32,5,
49,72,4,
113,42,2,
23,98,4,
59,2,4,
91,53,5,
107,99,4,
18,47,1,
61,88,5,
71,32,5,
88,40,1,
6,84,3,
13,26,4,
5,61,5,
35,49,3,
103,19,2,
101,39,5,
67,71,4,
44,68,3,
103,11,3,
11,46,5,
7,3,4,
50,98,1,
93,11,5,
64,59,3,
63,77,1,
64,18,2,
86,24,5,
109,19,2,
24,79,2,
61,95,5,
71,74,2,
112,78,3,
40,25,3,
45,60,2,
9,76,5,
59,56,4,
43,52,2,
113,86,3,
57,1,2,
27,29,3,
3,88,3,
12,58,3,
8,60,3,
69,53,3,
74,27,2,
107,55,3,
76,15,2,
92,65,3,
84,7,2,
5,76,3,
67,46,4,
71,88,4,
19,33,5,
60,1,3,
5,1,5,
112,39,1,
9,35,5,
62,51,4,
48,68,3,
67,27,4,
63,34,3,
41,83,4,
6,31,2,
31,21,4,
30,71,1,
93,48,1,
17,46,4,
24,2,1,
102,54,5,
95,6,1,
26,69,5,
46,68,1,
26,80,2,
101,11,1,
67,22,5,
102,2,3,
43,10,5,
11,47,4,
52,10,1,
56,26,4,
26,1,2,
99,15,1,
35,95,5,
22,76,4,
53,65,5,
30,64,2,
69,88,2,
89,47,1,
2,51,3,
92,18,4,
61,28,2,
69,82,1,
90,3,3,
24,5,1,
25,64,1,
40,73,4,
35,86,1,
110,13,1,
64,50,2,
58,67,5,
106,32,3,
64,10,1,
27,60,1,
77,2,1,
112,39,4,
58,22,3,
16,23,1,
61,24,4,
3,17,1,
11,59,1,
18,29,1,
35,16,5,
64,92,3,
64,14,2,
1,92,4,
50,11,3,
112,41,1,
114,46,5,
45,11,3,
70,89,3,
55,49,4,
40,51,4,
38,46,5,
27,1,1,
101,33,2,
13,42,5,
4,77,3,
48,17,2,
93,4,4,
54,42,4,
21,38,5,
52,34,3,
101,14,1,
22,73,1,
10,76,1,
33,99,5,
80,22,5,
12,47,4,
9,28,2,
114,40,1,
62,63,5,
92,6,3,
104,79,3,
90,20,1,
81,57,1,
10,20,3,
2,38,3,
97,99,2,
37,20,2,
100,80,1,
68,91,1,
110,1,3,
84,28,5,
99,100,5,
12,86,1,
17,23,1,
2,90,5,
102,81,2,
86,77,1,
10,58,1,
86,94,4,
77,21,2,
34,37,1,
30,100,4,
106,45,3,
27,8,4,
115,73,2,
59,94,1,
99,100,2,
65,18,4,
36,35,3,
108,29,3,
13,99,1,
24,84,4,
67,31,2,
20,70,4,
106,49,2,
10,13,5,
41,63,2,
78,69,5,
45,49,5,
52,51,1,
44,70,2,
14,63,5,
16,92,4,
85,97,3,
60,83,2,
37,40,3,
18,55,2,
98,78,2,
38,46,4,
95,2,1,
68,66,5,
94,92,1,
36,13,1,
3,96,4,
83,31,5,
11,32,5,
97,8,2,
88,49,2,
42,87,2,
36,53,1,
38,48,2,
94,4,3,
99,70,1,
45,40,4,
25,26,1,
66,47,3,
108,23,5,
99,98,3,
21,96,2,
88,57,2,
109,29,5,
102,77,5,
5,4,4,
22,62,4,
55,4,2,
81,16,5,
95,40,5,
62,39,4,
58,4,1,
33,57,3,
61,55,2,
67,67,1,
90,21,4,
35,74,3,
107,43,4,
36,54,1,
29,71,1,
96,95,3,
50,23,3,
95,57,5,
47,98,4,
112,75,5,
51,41,5,
73,15,3,
40,13,5,
82,32,2,
22,90,5,
1,7,3,
79,2,1,
92,81,2,
10,50,4,
82,20,4,
105,45,4,
34,15,4,
76,12,2,
102,74,4,
101,51,1,
71,40,2,
51,29,1,
113,13,4,
61,72,1,
54,32,4,
72,85,1,
61,8,4,
114,20,1,
114,27,4,
62,45,1,
72,28,1,
62,52,2,
74,62,4,
41,82,5,
5,3,2,
3,61,1,
57,33,5,
31,10,2,
58,32,3,
71,54,2,
91,4,5,
103,58,2,
89,47,3,
98,46,3,
4,58,3,
114,85,2,
87,10,2,
91,39,3,
20,99,5,
64,69,3,
30,89,4,
96,50,3,
99,12,2,
57,26,5,
64,17,1,
59,15,3,
61,45,3,
52,93,3,
37,14,2,
48,6,2,
21,48,1,
112,41,5,
45,66,4,
30,52,4,
103,85,2,
110,37,1,
9,85,3,
112,52,4,
105,83,5,
103,54,5,
113,8,5,
74,26,4,
16,1,5,
8,3,3,
62,86,4,
39,25,2,
15,38,2,
114,33,4,
95,11,3,
20,52,5,
30,67,3,
72,60,5,
36,37,4,
31,52,2,
11,47,4,
1,91,3,
24,93,3,
8,9,1,
104,62,2,
114,76,4,
21,63,5,
31,12,3,
67,18,4,
67,33,3,
21,9,1,
40,28,2,
64,66,5,
46,58,2,
7,28,3,
41,5,2,
60,94,4,
2,11,5,
61,78,2,
13,86,2,
63,54,2,
105,67,3,
45,47,2,
88,46,3,
34,4,1,
60,11,2,
21,13,4,
76,100,4,
51,47,2,
37,4,1,
25,58,4,
8,57,1,
16,88,2,
61,65,1,
23,59,4,
115,56,4,
103,85,4,
37,43,4,
8,33,1,
65,60,4,
72,72,3,
72,78,5,
44,23,1,
38,13,2,
101,48,2,
66,30,2,
93,87,4,
108,58,3,
45,33,4,
5,71,4,
51,91,3,
86,23,1,
25,33,1,
101,60,4,
77,35,1,
45,75,4,
20,33,3,
108,25,1,
37,32,2,
102,13,1,
108,84,2,
13,11,2,
27,54,3,
71,50,5,
86,99,5,
38,59,2,
45,94,2,
89,56,1,
33,42,3,
21,49,2,
114,2,1,
67,83,1,
11,59,4,
87,33,2,
63,16,3,
99,68,5,
81,12,3,
90,69,3,
94,18,1,
70,57,2,
104,40,5,
91,18,5,
72,76,3,
34,60,3,
114,14,1,
76,75,2,
66,25,2,
43,60,3,
61,17,5,
54,31,1,
48,31,5,
37,60,1,
6,89,5,
27,44,4,
10,42,4,
1,7,2,
7,20,4,
39,93,5,
17,75,5,
30,82,3,
50,90,2,
84,74,1,
17,100,5,
83,80,1,
107,28,2,
15,70,1,
22,92,2,
47,17,3,
65,36,3,
115,71,1,
21,40,1,
110,30,5,
24,79,3,
79,20,3,
25,81,5,
67,93,1,
71,82,1,
10,90,5,
30,56,4,
29,12,5,
54,82,1,
80,1,5,
45,65,1,
78,64,1,
63,12,2,
54,34,4,
88,64,1,
25,2,3,
101,65,1,
13,74,1,
91,72,4,
53,93,4,
103,40,5,
20,12,3,
96,70,3,
45,96,4,
32,12,4,
76,83,3,
17,80,1,
44,35,3,
92,24,2,
87,73,4,
21,66,1,
39,7,1,
72,44,2,
50,55,2,
48,84,4,
52,64,2,
96,95,3,
97,2,2,
65,21,3,
78,97,1,
100,34,3,
54,49,2,
48,47,1,
53,2,3,
96,43,2,
98,45,1,
71,54,3,
60,76,2,
97,64,2,
99,31,3,
20,70,1,
108,23,4,
49,98,4,
13,38,4,
58,44,4,
33,77,5,
70,22,5,
106,52,3,
46,19,4,
1,44,4,
59,9,5,
37,82,3,
47,58,4,
37,91,2,
85,74,3,
80,23,2,
14,80,5,
55,55,5,
13,16,4,
4,36,1,
59,56,5,
115,27,4,
84,90,4,
46,42,3,
11,1,1,
48,94,2,
33,83,2,
95,98,3,
73,30,5,
12,46,2,
38,84,1,
27,92,2,
108,69,2,
10,47,2,
91,89,4,
63,81,2,
67,36,1,
38,100,1,
83,35,4,
2,96,4,
40,80,1,
113,75,5,
84,70,2,
19,64,3,
58,87,1,
65,34,5,
33,14,3,
42,65,3,
92,70,4,
22,90,2,
10,80,2,
70,27,5,
90,71,2,
57,54,3,
115,45,1,
17,92,1,
18,96,1,
22,28,3,
27,14,5,
54,14,4,
111,51,1,
103,76,2,
18,58,3,
64,17,4,
99,43,5,
12,49,1,
92,32,5,
41,75,2,
81,66,3,
95,34,3,
4,42,3,
61,55,2,
69,87,4,
82,50,5,
30,27,5,
12,5,1,
8,96,2,
22,28,1,
89,4,2,
15,71,4,
3,12,5,
71,61,4,
22,12,2,
101,80,5,
40,81,3,
91,48,1,
4,67,1,
71,74,1,
78,19,5,
89,66,3,
12,31,3,
3,96,5,
110,89,5,
46,42,2,
15,15,5,
67,26,4,
69,15,1,
56,92,2,
17,94,3,
78,8,2,
75,13,5,
37,58,2,
52,28,4,
90,86,4,
106,63,2,
10,54,1,
13,18,3,
2,2,4,
74,98,1,
64,87,4,
83,87,2,
96,76,5,
33,32,4,
42,54,5,
99,61,2,
93,64,1,
115,73,2,
45,13,3,
48,35,1,
45,99,5,
11,66,5,
44,54,4,
58,76,1,
107,95,1,
91,68,3,
14,17,3,
2,8,4,
59,96,1,
113,22,2,
14,68,1,
60,32,5,
63,31,4,
6,85,3,
104,99,2,
87,49,5,
90,73,1,
28,66,3,
34,71,3,
20,52,4,
36,96,4,
93,27,4,
19,2,1,
47,38,5,
104,59,5,
46,78,2,
25,62,5,
101,38,1,
20,84,4,
30,29,4,
7,79,3,
4,98,1,
1,68,1,
59,56,2,
68,70,4,
30,90,3,
81,60,3,
48,85,1,
54,34,4,
94,57,2,
35,12,2,
16,18,4,
7,44,2,
81,51,2,
31,22,4,
34,52,4,
20,98,4,
33,48,3,
81,38,1,
100,82,4,
91,28,4,
74,59,1,
86,9,5,
49,78,1,
46,41,2,
26,93,1,
38,60,2,
88,66,3,
62,48,2,
86,13,5,
4,52,5,
28,46,3,
86,86,4,
102,62,2,
70,32,2,
102,74,1,
57,67,3,
36,21,4,
38,5,4,
68,65,5,
109,35,1,
95,96,2,
50,51,3,
82,65,1,
52,29,4,
53,72,1,
89,24,3,
70,29,2,
28,71,3,
25,88,1,
8,25,4,
24,61,2,
75,89,3,
65,21,5,
95,31,4,
14,17,3,
7,79,2,
2,6,2,
38,59,4,
4,80,5,
109,31,2,
35,13,4,
97,54,1,
92,66,2,
50,58,5,
22,66,4,
75,38,5,
81,10,5,
48,59,4,
48,14,4,
92,3,5,
74,31,1,
95,48,2,
52,59,5,
66,91,1,
6,46,3,
90,99,5,
13,68,1,
30,48,5,
14,96,3,
8,44,3,
3,8,3,
102,71,3,
36,35,2,
58,81,2,
6,65,1,
106,17,3,
20,40,5,
86,71,4,
74,16,1,
20,13,1,
71,82,4,
23,73,3,
33,5,3,
42,89,1,
74,74,3,
83,90,4,
58,84,3,
113,63,2,
9,86,1,
92,65,5,
71,81,1,
113,9,3,
103,14,3,
68,70,4,
1,88,1,
56,46,2,
59,61,5,
29,36,2,
101,42,2,
23,17,3,
71,83,2,
4,18,2,
18,65,2,
23,57,2,
92,63,3,
72,39,5,
20,92,3,
93,37,1,
28,96,5,
95,1,1,
74,24,5,
72,33,2,
55,34,4,
10,48,4,
108,38,4,
4,89,5,
70,92,2,
98,6,4,
84,67,5,
9,42,5,
35,38,1,
63,26,4,
60,67,2,
86,73,1,
10,40,5,
11,73,5,
115,57,1,
34,83,5,
71,14,3,
31,23,3,
89,6,2,
72,79,1,
9,42,4,
85,93,1,
51,1,4,
31,32,1,
82,60,2,
18,17,4,
105,2,3,
18,81,4,
59,84,5,
86,51,5,
101,18,3,
59,38,1,
74,45,5,
100,79,5,
56,19,2,
58,2,3,
80,37,1,
111,33,1,
13,48,3,
71,87,3,
110,9,1,
103,67,4,
68,9,1,
15,11,4,
95,99,3,
90,75,2,
16,5,5,
69,88,3,
36,67,2,
69,46,3,
76,55,3,
92,52,1,
112,66,5,
50,81,5,
103,80,2,
61,13,4,
96,14,2,
59,48,4,
114,70,1,
47,31,1,
62,96,3,
82,97,3,
46,94,2,
7,82,5,
46,2,5,
103,33,4,
107,94,3,
4,24,3,
27,86,3,
61,100,4,
14,97,4,
71,19,2,
8,83,2,
83,61,1,
25,79,2,
6,88,1,
52,55,2,
17,89,3,
10,53,4,
102,56,2,
67,28,3,
60,45,3,
81,12,4,
39,56,4,
38,30,4,
89,31,4,
33,10,4,
95,21,1,
37,99,3,
36,33,1,
66,10,4,
44,9,2,
10,80,1,
5,50,2,
93,44,2,
44,2,2,
22,24,1,
99,12,4,
86,95,4,
5,68,1,
65,96,4,
54,10,5,
95,24,5,
60,82,5,
41,59,1,
44,41,2,
39,18,3,
39,35,4,
39,41,5,
48,88,4,
19,60,2,
79,59,3,
85,24,5,
99,18,2,
36,41,4,
96,81,2,
97,57,3,
12,29,3,
96,1,2,
28,89,5,
106,54,5,
6,64,5,
40,56,2,
110,57,2,
81,97,4,
72,4,4,
101,100,2,
66,91,1,
2,11,3,
22,31,5,
64,26,3,
53,44,5,
101,14,5,
47,99,3,
99,20,2,
40,11,1,
105,87,5,
74,59,5,
86,13,1,
58,50,2,
71,3,4,
32,38,1,
94,54,2,
1,77,2,
94,64,5,
58,31,2,
87,85,4,
101,58,1,
6,27,1,
60,27,1,
33,65,1,
16,98,3,
108,7,1,
32,31,4,
25,59,3,
72,83,2,
45,51,5,
13,45,4,
6,85,1,
44,43,4,
47,78,5,
95,39,1,
77,39,2,
112,46,1,
47,31,5,
53,89,4,
2,43,3,
12,97,2,
91,60,2,
29,43,5,
49,40,2,
40,66,2,
78,89,3,
35,82,2,
78,34,3,
45,52,1,
77,21,3,
79,63,2,
10,40,1,
72,51,1,
39,44,2,
38,70,4,
77,81,1,
32,38,5,
11,42,2,
66,71,3,
77,11,4,
76,14,5,
101,72,1,
54,58,1,
92,39,4,
17,88,4,
43,87,1,
5,49,5,
57,24,5,
39,60,3,
110,18,4,
64,16,5,
93,44,2,
108,87,5,
12,60,3,
83,23,4,
3,87,2,
67,20,5,
93,51,5,
65,82,3,
21,32,2,
98,51,2,
111,65,2,
23,43,2,
77,83,4,
55,85,2,
104,89,3,
8,28,5,
19,53,3,
60,87,5,
11,17,4,
19,6,4,
13,67,5,
4,98,4,
98,49,3,
50,19,1,
109,67,3,
52,9,3,
45,59,3,
56,65,3,
99,22,3,
82,87,1,
98,22,1,
53,17,3,
30,48,2,
24,68,2,
3,92,1,
73,11,4,
55,14,4,
67,74,1,
72,18,3,
112,39,4,
104,32,1,
51,5,5,
26,42,4,
70,38,5,
70,96,4,
97,52,2,
76,16,5,
94,18,1,
58,48,1,
115,2,2,
110,69,4,
38,90,3,
26,24,2,
92,81,1,
83,66,1,
36,57,4,
93,100,4,
88,67,3,
51,5,2,
57,75,4,
56,74,2,
72,10,1,
50,20,3,
67,9,2,
63,71,5,
62,65,5,
44,38,4,
18,11,4,
106,73,4,
32,63,3,
36,76,1,
26,97,3,
7,99,2,
1,68,5,
82,56,3,
115,43,4,
107,87,1,
89,77,1,
51,99,2,
43,81,3,
43,39,4,
2,59,2,
17,55,5,
62,53,4,
42,8,1,
93,82,4,
50,10,5,
19,42,4,
35,42,2,
80,50,2,
70,13,2,
44,40,3,
61,91,5,
41,20,1,
40,36,2,
54,11,1,
99,88,1,
111,94,3,
44,94,1,
83,89,4,
58,82,5,
60,88,5,
51,26,5,
16,1,4,
103,81,5,
47,74,2,
62,19,2,
30,46,2,
18,3,2,
13,21,5,
56,48,1,
97,78,2,
23,13,1,
103,87,4,
36,55,1,
23,27,5,
10,47,1,
59,91,4,
109,61,1,
61,75,2,
106,82,5,
4,78,2,
85,55,3,
89,65,3,
94,84,4,
72,58,4,
22,29,2,
86,81,2,
85,1,2,
5,78,1,
40,43,1,
114,79,2,
58,73,2,
77,94,4,
106,70,5,
4,2,3,
94,52,3,
98,38,1,
67,81,2,
26,25,2,
37,45,5,
110,22,4,
108,52,4,
69,16,3,
44,98,4,
54,64,4,
17,23,1,
69,44,4,
64,60,3,
12,66,4,
100,30,4,
3,82,3,
49,40,5,
